2026-09-09 11:07:44.064 INFO   Freerouting v2.4.1 (build-date: 2026-09-03)
2026-09-09 11:07:44.068 DEBUG  [startup] user-data path : C:\Users\juanc\OneDrive\Desktop\Work\Proyectos\placa lancha\redisenio\config  (source: CLI argument --user_data_path)
2026-09-09 11:07:44.068 DEBUG  [startup] log file       : C:\Users\juanc\OneDrive\Desktop\Work\Proyectos\placa lancha\redisenio\config\freerouting.log
2026-09-09 11:07:44.070 DEBUG  No freerouting.json found at 'C:\Users\juanc\OneDrive\Desktop\Work\Proyectos\placa lancha\redisenio\config\freerouting.json' — will create one with default settings.
2026-09-09 11:07:44.114 DEBUG  Default settings saved to 'C:\Users\juanc\OneDrive\Desktop\Work\Proyectos\placa lancha\redisenio\config\freerouting.json'.
2026-09-09 11:07:44.129 DEBUG  Version: 2.4.1,2026-09-03
2026-09-09 11:07:44.130 DEBUG  Command line arguments: '-de C:\Users\juanc\OneDrive\Desktop\Work\Proyectos\placa lancha\redisenio\inicio.dsn -do C:\Users\juanc\OneDrive\Desktop\Work\Proyectos\placa lancha\redisenio\bottom.ses --gui.enabled=false --api_server.enabled=false --mcp_server.enabled=false --router.layers.routable=false,true -mp 40 -mt 1 -da --user_data_path=C:\Users\juanc\OneDrive\Desktop\Work\Proyectos\placa lancha\redisenio\config'
2026-09-09 11:07:44.130 DEBUG  Architecture: Windows 11,amd64,10.0
2026-09-09 11:07:44.130 DEBUG  Java: 25.0.4.1,Eclipse Adoptium
2026-09-09 11:07:44.130 DEBUG  System Language: en,en_GB
2026-09-09 11:07:44.131 DEBUG  Hardware: 8 CPU cores, 333333 CPU score, 3972 MB RAM
2026-09-09 11:07:44.133 DEBUG  UTC Time: 2026-09-09T14:07:44.114900200Z
2026-09-09 11:07:44.134 DEBUG  GUI Language: en_GB
2026-09-09 11:07:44.134 DEBUG  Host: N/A
2026-09-09 11:07:44.139 DEBUG  Analytics are disabled
2026-09-09 11:07:45.327 DEBUG  Loaded router settings from: C:\Users\juanc\OneDrive\Desktop\Work\Proyectos\placa lancha\redisenio\config\freerouting.json
2026-09-09 11:07:45.328 DEBUG  Applied CLI router setting: router.layers.routable = false,true
2026-09-09 11:07:45.328 DEBUG  Applied CLI router setting: router.max_passes = 40
2026-09-09 11:07:45.328 DEBUG  Applied CLI router setting: router.max_threads = 1
2026-09-09 11:07:45.328 DEBUG  Applied CLI router setting: router.enabled = true (implicit from -de/-do batch mode)
2026-09-09 11:07:45.329 DEBUG  No router settings found in environment variables
2026-09-09 11:07:45.331 ERROR  Couldn't load the input file 'C:\Users\juanc\OneDrive\Desktop\Work\Proyectos\placa lancha\redisenio\inicio.dsn'
java.io.FileNotFoundException: C:\Users\juanc\OneDrive\Desktop\Work\Proyectos\placa lancha\redisenio\inicio.dsn (The system cannot find the file specified)
	at java.base/java.io.FileInputStream.open0(Native Method)
	at java.base/java.io.FileInputStream.open(FileInputStream.java:185)
	at java.base/java.io.FileInputStream.<init>(FileInputStream.java:139)
	at app.freerouting.core.RoutingJob.setInputFromFile(RoutingJob.java:449)
	at app.freerouting.core.RoutingJob.setInput(RoutingJob.java:305)
	at app.freerouting.core.RoutingJob.setInput(RoutingJob.java:300)
	at app.freerouting.Freerouting.initializeCli(Freerouting.java:102)
	at app.freerouting.Freerouting.main(Freerouting.java:1494)
2026-09-09 11:07:45.332 WARN   Couldn't read the input file 'C:\Users\juanc\OneDrive\Desktop\Work\Proyectos\placa lancha\redisenio\inicio.dsn', aborting.
2026-09-09 11:08:00.481 INFO   Freerouting v2.4.1 (build-date: 2026-09-03)
2026-09-09 11:08:00.484 DEBUG  [startup] user-data path : C:\Users\juanc\OneDrive\Desktop\Work\Proyectos\placa lancha\redisenio\config  (source: CLI argument --user_data_path)
2026-09-09 11:08:00.484 DEBUG  [startup] log file       : C:\Users\juanc\OneDrive\Desktop\Work\Proyectos\placa lancha\redisenio\config\freerouting.log
2026-09-09 11:08:00.523 DEBUG  Settings loaded from 'C:\Users\juanc\OneDrive\Desktop\Work\Proyectos\placa lancha\redisenio\config\freerouting.json'.
2026-09-09 11:08:00.539 DEBUG  Version: 2.4.1,2026-09-03
2026-09-09 11:08:00.539 DEBUG  Command line arguments: '-de C:\Users\juanc\OneDrive\Desktop\Work\Proyectos\placa lancha\redisenio\inicio.dsn -do C:\Users\juanc\OneDrive\Desktop\Work\Proyectos\placa lancha\redisenio\bottom.ses --gui.enabled=false --api_server.enabled=false --mcp_server.enabled=false --router.layers.routable=false,true -mp 40 -mt 1 -da --user_data_path=C:\Users\juanc\OneDrive\Desktop\Work\Proyectos\placa lancha\redisenio\config'
2026-09-09 11:08:00.539 DEBUG  Architecture: Windows 11,amd64,10.0
2026-09-09 11:08:00.539 DEBUG  Java: 25.0.4.1,Eclipse Adoptium
2026-09-09 11:08:00.540 DEBUG  System Language: en,en_GB
2026-09-09 11:08:00.541 DEBUG  Hardware: 8 CPU cores, 279466 CPU score, 3972 MB RAM
2026-09-09 11:08:00.541 DEBUG  UTC Time: 2026-09-09T14:08:00.523705300Z
2026-09-09 11:08:00.542 DEBUG  GUI Language: en_GB
2026-09-09 11:08:00.542 DEBUG  Host: N/A
2026-09-09 11:08:00.545 DEBUG  Analytics are disabled
2026-09-09 11:08:01.649 DEBUG  Loaded router settings from: C:\Users\juanc\OneDrive\Desktop\Work\Proyectos\placa lancha\redisenio\config\freerouting.json
2026-09-09 11:08:01.650 DEBUG  Applied CLI router setting: router.layers.routable = false,true
2026-09-09 11:08:01.650 DEBUG  Applied CLI router setting: router.max_passes = 40
2026-09-09 11:08:01.650 DEBUG  Applied CLI router setting: router.max_threads = 1
2026-09-09 11:08:01.650 DEBUG  Applied CLI router setting: router.enabled = true (implicit from -de/-do batch mode)
2026-09-09 11:08:01.651 DEBUG  No router settings found in environment variables
2026-09-09 11:08:01.704 DEBUG  Set DEFAULT clearance (all layers): 2000 (0.05 mm) from DSN value 200.0
2026-09-09 11:08:01.708 DEBUG  Set clearance (all layers): smd_smd = 500 (0.0125 mm), classes [2,2]
2026-09-09 11:08:01.710 DEBUG  Set default trace width (all layers): DSN=700.0 → board=7000 (0.175 mm)
2026-09-09 11:08:01.722 DEBUG  Loaded router settings from DSN file: inicio.dsn (2 layers)
2026-09-09 11:08:01.733 DEBUG  Set DEFAULT clearance (all layers): 2000 (0.05 mm) from DSN value 200.0
2026-09-09 11:08:01.733 DEBUG  Set clearance (all layers): smd_smd = 500 (0.0125 mm), classes [2,2]
2026-09-09 11:08:01.734 DEBUG  Set default trace width (all layers): DSN=700.0 → board=7000 (0.175 mm)
2026-09-09 11:08:01.735 DEBUG  Loaded router settings from DSN file: inicio.dsn (2 layers)
2026-09-09 11:08:01.736 DEBUG  Merging settings from 5 sources:
2026-09-09 11:08:01.736 DEBUG    - Default Settings (priority 0): base settings
2026-09-09 11:08:01.738 DEBUG    - freerouting.json (priority 10): 0 fields changed
2026-09-09 11:08:01.738 DEBUG    - DSN file: inicio.dsn (priority 20): 4 fields changed
2026-09-09 11:08:01.738 DEBUG    - Environment Variables (priority 55): 0 fields changed
2026-09-09 11:08:01.738 DEBUG    - CLI Arguments (priority 60): 4 fields changed
2026-09-09 11:08:01.738 DEBUG  Settings merged successfully from 5 source(s)
2026-09-09 11:08:01.979 INFO   [3492A1\E42384] Loading board file 'inicio.dsn'...
2026-09-09 11:08:01.987 DEBUG  Set DEFAULT clearance (all layers): 2000 (0.05 mm) from DSN value 200.0
2026-09-09 11:08:01.987 DEBUG  Set clearance (all layers): smd_smd = 500 (0.0125 mm), classes [2,2]
2026-09-09 11:08:01.988 DEBUG  Set default trace width (all layers): DSN=700.0 → board=7000 (0.175 mm)
2026-09-09 11:08:02.072 DEBUG  applyBoardSpecificOptimizations changed parameters:
  Layer 0: bendCost: null -> 0.0; preferredDirectionHorizontal: null -> true; undesiredDirectionTraceCost: 1.0 -> 2.9000000000000004;
  Layer 1: bendCost: null -> 0.0; preferredDirectionHorizontal: null -> false; undesiredDirectionTraceCost: 1.0 -> 1.5;
2026-09-09 11:08:02.074 DEBUG  Applied copper-to-edge clearance override: 500.0 um (5000 board units).
2026-09-09 11:08:02.082 DEBUG  Set DEFAULT clearance (all layers): 2000 (0.05 mm) from DSN value 200.0
2026-09-09 11:08:02.082 DEBUG  Set clearance (all layers): smd_smd = 500 (0.0125 mm), classes [2,2]
2026-09-09 11:08:02.082 DEBUG  Set default trace width (all layers): DSN=700.0 → board=7000 (0.175 mm)
2026-09-09 11:08:02.083 DEBUG  Loaded router settings from DSN file: inicio.dsn (2 layers)
2026-09-09 11:08:02.083 DEBUG  Merging settings from 6 sources:
2026-09-09 11:08:02.084 DEBUG    - Default Settings (priority 0): base settings
2026-09-09 11:08:02.084 DEBUG    - freerouting.json (priority 10): 0 fields changed
2026-09-09 11:08:02.084 DEBUG    - DSN file: inicio.dsn (priority 20): 4 fields changed
2026-09-09 11:08:02.084 DEBUG    - Environment Variables (priority 55): 0 fields changed
2026-09-09 11:08:02.084 DEBUG    - CLI Arguments (priority 60): 4 fields changed
2026-09-09 11:08:02.085 DEBUG    - API Settings (priority 70): 24 fields changed
2026-09-09 11:08:02.085 DEBUG  Settings merged successfully from 6 source(s)
2026-09-09 11:08:02.085 DEBUG  applyBoardSpecificOptimizations changed parameters:
  Layer 0: undesiredDirectionTraceCost: 1.0 -> 2.9000000000000004;
  Layer 1: undesiredDirectionTraceCost: 1.0 -> 1.5;
2026-09-09 11:08:02.087 INFO   [3492A1\E42384] Job '3492A1\E42384' started at 2026-09-09T14:08:02.086344700Z.
2026-09-09 11:08:02.173 DEBUG  [3492A1\E42384] Checking fanout pre-pass. settings.fanout.enabled=true, smdPins=0
2026-09-09 11:08:02.173 INFO   [3492A1\E42384] Fanout stage is enabled but skipped because the board has no SMD pins.
2026-09-09 11:08:02.198 INFO   [3492A1\E42384] Auto-routing stage started on board 'e5bbe7a4437404eb4a1cdc04f7f865a8' for 52 unrouted items.
2026-09-09 11:08:02.264 DEBUG  Queuing item for routing: PolylineTrace on net 'Net-(J7-Pin_2)' (connected: 5/6)
2026-09-09 11:08:02.264 DEBUG  Queuing item for routing: PolylineTrace on net 'S-BUS' (connected: 9/10)
2026-09-09 11:08:02.265 DEBUG  Queuing item for routing: PolylineTrace on net 'Net-(A2-D3_INT1)' (connected: 21/22)
2026-09-09 11:08:02.265 DEBUG  Queuing item for routing: Pin on net '/Power_on_motor' (connected: 1/2)
2026-09-09 11:08:02.266 DEBUG  Queuing item for routing: Pin on net '/Power_on_relay' (connected: 1/2)
2026-09-09 11:08:02.266 DEBUG  Queuing item for routing: Pin on net 'Net-(D1-A)' (connected: 1/3)
2026-09-09 11:08:02.266 DEBUG  Queuing item for routing: Pin on net '+5V' (connected: 1/10)
2026-09-09 11:08:02.266 DEBUG  Queuing item for routing: Pin on net 'Net-(U1A-+)' (connected: 1/3)
2026-09-09 11:08:02.266 DEBUG  Queuing item for routing: Pin on net '+5V' (connected: 1/10)
2026-09-09 11:08:02.266 DEBUG  Queuing item for routing: Pin on net 'GND' (connected: 1/18)
2026-09-09 11:08:02.266 DEBUG  Queuing item for routing: Pin on net 'Net-(U1A-+)' (connected: 1/3)
2026-09-09 11:08:02.266 DEBUG  Queuing item for routing: Pin on net 'Analog_out' (connected: 1/3)
2026-09-09 11:08:02.266 DEBUG  Queuing item for routing: Pin on net 'Analog_out' (connected: 1/3)
2026-09-09 11:08:02.266 DEBUG  Queuing item for routing: Pin on net '+5V' (connected: 1/10)
2026-09-09 11:08:02.266 DEBUG  Queuing item for routing: Pin on net 'Net-(D1-A)' (connected: 1/3)
2026-09-09 11:08:02.266 DEBUG  Queuing item for routing: Pin on net '+5V' (connected: 1/10)
2026-09-09 11:08:02.266 DEBUG  Queuing item for routing: Pin on net '/Power_on_relay' (connected: 1/2)
2026-09-09 11:08:02.266 DEBUG  Queuing item for routing: Pin on net 'Net-(J1-Pin_3)' (connected: 1/2)
2026-09-09 11:08:02.266 DEBUG  Queuing item for routing: Pin on net 'GND' (connected: 1/18)
2026-09-09 11:08:02.266 DEBUG  Queuing item for routing: Pin on net 'GND' (connected: 1/18)
2026-09-09 11:08:02.266 DEBUG  Queuing item for routing: Pin on net '/V_Ctrl' (connected: 1/2)
2026-09-09 11:08:02.267 DEBUG  Queuing item for routing: Pin on net 'Analog_out' (connected: 1/3)
2026-09-09 11:08:02.267 DEBUG  Queuing item for routing: Pin on net 'Net-(J1-Pin_3)' (connected: 1/2)
2026-09-09 11:08:02.267 DEBUG  Queuing item for routing: Pin on net '/Power_on_motor' (connected: 1/2)
2026-09-09 11:08:02.267 DEBUG  Queuing item for routing: Pin on net '/Seguridad' (connected: 1/2)
2026-09-09 11:08:02.268 DEBUG  Queuing item for routing: Pin on net 'GND' (connected: 1/18)
2026-09-09 11:08:02.268 DEBUG  Queuing item for routing: Pin on net 'Net-(U1A-+)' (connected: 1/3)
2026-09-09 11:08:02.268 DEBUG  Queuing item for routing: Pin on net 'GND' (connected: 1/18)
2026-09-09 11:08:02.269 DEBUG  Queuing item for routing: Pin on net 'Net-(Q2-B)' (connected: 1/2)
2026-09-09 11:08:02.269 DEBUG  Queuing item for routing: Pin on net 'Net-(A2-D3_INT1)' (connected: 1/22)
2026-09-09 11:08:02.269 DEBUG  Queuing item for routing: Pin on net 'GND' (connected: 1/18)
2026-09-09 11:08:02.269 DEBUG  Queuing item for routing: Pin on net 'Net-(Q1-B)' (connected: 1/2)
2026-09-09 11:08:02.269 DEBUG  Queuing item for routing: Pin on net 'Net-(D1-A)' (connected: 1/3)
2026-09-09 11:08:02.269 DEBUG  Queuing item for routing: Pin on net 'GND' (connected: 1/18)
2026-09-09 11:08:02.270 DEBUG  Queuing item for routing: Pin on net '+5V' (connected: 1/10)
2026-09-09 11:08:02.270 DEBUG  Queuing item for routing: Pin on net 'GND' (connected: 1/18)
2026-09-09 11:08:02.270 DEBUG  Queuing item for routing: Pin on net '+9V' (connected: 1/4)
2026-09-09 11:08:02.270 DEBUG  Queuing item for routing: Pin on net '+5V' (connected: 1/10)
2026-09-09 11:08:02.270 DEBUG  Queuing item for routing: Pin on net 'GND' (connected: 1/18)
2026-09-09 11:08:02.270 DEBUG  Queuing item for routing: Pin on net '+9V' (connected: 1/4)
2026-09-09 11:08:02.270 DEBUG  Queuing item for routing: Pin on net 'Net-(Q1-B)' (connected: 1/2)
2026-09-09 11:08:02.270 DEBUG  Queuing item for routing: Pin on net 'Net-(J6-Pin_6)' (connected: 1/2)
2026-09-09 11:08:02.270 DEBUG  Queuing item for routing: Pin on net '+5V' (connected: 1/10)
2026-09-09 11:08:02.270 DEBUG  Queuing item for routing: Pin on net 'Net-(J6-Pin_4)' (connected: 1/2)
2026-09-09 11:08:02.271 DEBUG  Queuing item for routing: Pin on net '+5V' (connected: 1/10)
2026-09-09 11:08:02.271 DEBUG  Queuing item for routing: Pin on net 'Net-(J6-Pin_2)' (connected: 1/2)
2026-09-09 11:08:02.271 DEBUG  Queuing item for routing: Pin on net '+5V' (connected: 1/10)
2026-09-09 11:08:02.271 DEBUG  Queuing item for routing: Pin on net 'GND' (connected: 1/18)
2026-09-09 11:08:02.271 DEBUG  Queuing item for routing: Pin on net '+9V' (connected: 1/4)
2026-09-09 11:08:02.271 DEBUG  Queuing item for routing: Pin on net 'GND' (connected: 1/18)
2026-09-09 11:08:02.271 DEBUG  Queuing item for routing: Pin on net '/Seguridad' (connected: 1/2)
2026-09-09 11:08:02.271 DEBUG  Queuing item for routing: Pin on net 'GND' (connected: 1/18)
2026-09-09 11:08:02.271 DEBUG  Queuing item for routing: Pin on net '+5V' (connected: 1/10)
2026-09-09 11:08:02.271 DEBUG  Queuing item for routing: Pin on net '+9V' (connected: 1/4)
2026-09-09 11:08:02.272 DEBUG  Queuing item for routing: Pin on net 'GND' (connected: 1/18)
2026-09-09 11:08:02.272 DEBUG  Queuing item for routing: Pin on net 'GND' (connected: 1/18)
2026-09-09 11:08:02.273 DEBUG  Queuing item for routing: Pin on net 'Dir' (connected: 1/2)
2026-09-09 11:08:02.274 DEBUG  Queuing item for routing: Pin on net 'Net-(J7-Pin_2)' (connected: 1/6)
2026-09-09 11:08:02.274 DEBUG  Queuing item for routing: Pin on net 'GND' (connected: 1/18)
2026-09-09 11:08:02.274 DEBUG  Queuing item for routing: Pin on net 'Net-(Q3-B)' (connected: 1/2)
2026-09-09 11:08:02.274 DEBUG  Queuing item for routing: Pin on net 'Net-(J6-Pin_2)' (connected: 1/2)
2026-09-09 11:08:02.275 DEBUG  Queuing item for routing: Pin on net 'GND' (connected: 1/18)
2026-09-09 11:08:02.275 DEBUG  Queuing item for routing: Pin on net 'Net-(Q5-B)' (connected: 1/2)
2026-09-09 11:08:02.275 DEBUG  Queuing item for routing: Pin on net 'Net-(J6-Pin_6)' (connected: 1/2)
2026-09-09 11:08:02.275 DEBUG  Queuing item for routing: Pin on net 'GND' (connected: 1/18)
2026-09-09 11:08:02.275 DEBUG  Queuing item for routing: Pin on net 'Net-(Q4-B)' (connected: 1/2)
2026-09-09 11:08:02.275 DEBUG  Queuing item for routing: Pin on net 'Net-(J6-Pin_4)' (connected: 1/2)
2026-09-09 11:08:02.275 DEBUG  Queuing item for routing: Pin on net 'Net-(Q4-B)' (connected: 1/2)
2026-09-09 11:08:02.275 DEBUG  Queuing item for routing: Pin on net 'Dir' (connected: 1/2)
2026-09-09 11:08:02.275 DEBUG  Queuing item for routing: Pin on net 'Net-(Q5-B)' (connected: 1/2)
2026-09-09 11:08:02.275 DEBUG  Queuing item for routing: Pin on net 'Net-(Q2-B)' (connected: 1/2)
2026-09-09 11:08:02.276 DEBUG  Queuing item for routing: Pin on net '/V_Ctrl' (connected: 1/2)
2026-09-09 11:08:02.276 DEBUG  Queuing item for routing: Pin on net 'Net-(Q3-B)' (connected: 1/2)
2026-09-09 11:08:02.276 DEBUG  Queuing item for routing: Pin on net 'GND' (connected: 1/18)
2026-09-09 11:08:02.276 DEBUG  Queuing item for routing: Pin on net 'S-BUS' (connected: 1/10)
2026-09-09 11:08:02.289 DEBUG  [3492A1\E42384] Pass #1: 52 incompletes across 75 items to route
2026-09-09 11:08:02.289 DEBUG  [3492A1\E42384]   Net 'S-BUS' has 1 incomplete(s)
2026-09-09 11:08:02.289 DEBUG  [3492A1\E42384]   Net 'GND' has 17 incomplete(s)
2026-09-09 11:08:02.289 DEBUG  [3492A1\E42384]   Net 'Net-(Q3-B)' has 1 incomplete(s)
2026-09-09 11:08:02.289 DEBUG  [3492A1\E42384]   Net 'Net-(J6-Pin_4)' has 1 incomplete(s)
2026-09-09 11:08:02.289 DEBUG  [3492A1\E42384]   Net 'Net-(Q4-B)' has 1 incomplete(s)
2026-09-09 11:08:02.289 DEBUG  [3492A1\E42384]   Net 'Net-(J7-Pin_2)' has 1 incomplete(s)
2026-09-09 11:08:02.289 DEBUG  [3492A1\E42384]   Net 'Net-(A2-D3_INT1)' has 1 incomplete(s)
2026-09-09 11:08:02.289 DEBUG  [3492A1\E42384]   Net 'Dir' has 1 incomplete(s)
2026-09-09 11:08:02.289 DEBUG  [3492A1\E42384]   Net '+9V' has 3 incomplete(s)
2026-09-09 11:08:02.289 DEBUG  [3492A1\E42384]   Net '+5V' has 9 incomplete(s)
2026-09-09 11:08:02.289 DEBUG  [3492A1\E42384]   Net '/Seguridad' has 1 incomplete(s)
2026-09-09 11:08:02.289 DEBUG  [3492A1\E42384]   Net 'Net-(J6-Pin_2)' has 1 incomplete(s)
2026-09-09 11:08:02.290 DEBUG  [3492A1\E42384]   Net 'Net-(J6-Pin_6)' has 1 incomplete(s)
2026-09-09 11:08:02.290 DEBUG  [3492A1\E42384]   Net 'Net-(Q1-B)' has 1 incomplete(s)
2026-09-09 11:08:02.290 DEBUG  [3492A1\E42384]   Net '/V_Ctrl' has 1 incomplete(s)
2026-09-09 11:08:02.290 DEBUG  [3492A1\E42384]   Net 'Net-(Q2-B)' has 1 incomplete(s)
2026-09-09 11:08:02.290 DEBUG  [3492A1\E42384]   Net 'Net-(Q5-B)' has 1 incomplete(s)
2026-09-09 11:08:02.290 DEBUG  [3492A1\E42384]   Net 'Net-(D1-A)' has 2 incomplete(s)
2026-09-09 11:08:02.290 DEBUG  [3492A1\E42384]   Net 'Net-(U1A-+)' has 2 incomplete(s)
2026-09-09 11:08:02.290 DEBUG  [3492A1\E42384]   Net '/Power_on_motor' has 1 incomplete(s)
2026-09-09 11:08:02.290 DEBUG  [3492A1\E42384]   Net 'Net-(J1-Pin_3)' has 1 incomplete(s)
2026-09-09 11:08:02.290 DEBUG  [3492A1\E42384]   Net 'Analog_out' has 2 incomplete(s)
2026-09-09 11:08:02.290 DEBUG  [3492A1\E42384]   Net '/Power_on_relay' has 1 incomplete(s)
2026-09-09 11:08:02.509 DEBUG  No new version available. Current version is up to date: v2.4.1
2026-09-09 11:08:03.550 DEBUG  FoundConnectionInserter: insert trace failed for net #58 at corner 12/12 on layer 1, trace width: 3500, from corner: 3, okPoint: (1273185,-718684), target: (1319400,-660400)
2026-09-09 11:08:03.571 DEBUG  [3492A1\E42384] Autorouter Failed to route connection between pin #1 of component #3 and pin #1 of component #19, because the new connection could not be inserted.
2026-09-09 11:08:05.198 DEBUG  FoundConnectionInserter: insert trace failed for net #31 at corner 21/21 on layer 1, trace width: 3500, from corner: 10, okPoint: (1654598,-709378), target: (1790000,-885700)
2026-09-09 11:08:05.205 DEBUG  [3492A1\E42384] Autorouter Failed to route connection between pin of component #5 and pin #25 of component #9, because the new connection could not be inserted.
2026-09-09 11:08:05.526 DEBUG  FoundConnectionInserter: insert trace failed for net #6 at corner 12/12 on layer 1, trace width: 3500, from corner: 0, okPoint: (1885000,-885700), target: (1840800,-885700)
2026-09-09 11:08:05.533 DEBUG  [3492A1\E42384] Autorouter Failed to route connection between pin #1 of component #5 and pin #1 of component #6, because the new connection could not be inserted.
2026-09-09 11:08:05.745 INFO   [3492A1\E42384] Auto-routing pass #1 on board 'e5bbe7a4437404eb4a1cdc04f7f865a8' was completed in 3.48 seconds with score 894.73 (6 unrouted and 0 violations), using 2.22 CPU seconds and the job allocated 5.97 GB of memory so far.
2026-09-09 11:08:05.809 DEBUG  Queuing item for routing: Pin on net 'Net-(D1-A)' (connected: 3/4)
2026-09-09 11:08:05.809 DEBUG  Queuing item for routing: Pin on net '+5V' (connected: 14/22)
2026-09-09 11:08:05.810 DEBUG  Queuing item for routing: Pin on net 'GND' (connected: 16/42)
2026-09-09 11:08:05.810 DEBUG  Queuing item for routing: Pin on net 'Analog_out' (connected: 4/5)
2026-09-09 11:08:05.810 DEBUG  Queuing item for routing: Pin on net 'GND' (connected: 11/42)
2026-09-09 11:08:05.811 DEBUG  Queuing item for routing: Pin on net 'Analog_out' (connected: 1/5)
2026-09-09 11:08:05.811 DEBUG  Queuing item for routing: Pin on net 'GND' (connected: 8/42)
2026-09-09 11:08:05.811 DEBUG  Queuing item for routing: Pin on net 'Net-(D1-A)' (connected: 1/4)
2026-09-09 11:08:05.811 DEBUG  Queuing item for routing: Pin on net '+5V' (connected: 8/22)
2026-09-09 11:08:05.812 DEBUG  Queuing item for routing: Pin on net 'GND' (connected: 7/42)
2026-09-09 11:08:05.833 DEBUG  [3492A1\E42384] Pass #2: 6 incompletes across 10 items to route
2026-09-09 11:08:05.833 DEBUG  [3492A1\E42384]   Net 'GND' has 3 incomplete(s)
2026-09-09 11:08:05.837 DEBUG  [3492A1\E42384]   Net '+5V' has 1 incomplete(s)
2026-09-09 11:08:05.837 DEBUG  [3492A1\E42384]   Net 'Net-(D1-A)' has 1 incomplete(s)
2026-09-09 11:08:05.837 DEBUG  [3492A1\E42384]   Net 'Analog_out' has 1 incomplete(s)
2026-09-09 11:08:07.054 DEBUG  FoundConnectionInserter: insert trace failed for net #60 at corner 60/60 on layer 1, trace width: 3500, from corner: 11, okPoint: (1657198,-687709), target: (1408100,-815200)
2026-09-09 11:08:07.064 DEBUG  [3492A1\E42384] Autorouter Failed to route connection between polylinetrace, pin #1 of component #26, pin #4 of component #22 and pin of component #18, because the new connection could not be inserted.
2026-09-09 11:08:07.071 DEBUG  [3492A1\E42384] Pass #2: Failed to route Pin on net 'Net-(D1-A)' (3 items remaining, 1 failures). State: FAILED
2026-09-09 11:08:07.337 DEBUG  FoundConnectionInserter: insert trace failed for net #52 at corner 23/23 on layer 1, trace width: 3500, from corner: 10, okPoint: (1819281,-1000109), target: (1467800,-857700)
2026-09-09 11:08:07.355 DEBUG  [3492A1\E42384] Autorouter Failed to route connection between polylinetrace, polylinetrace, polylinetrace, polylinetrace, polylinetrace, polylinetrace, polylinetrace, pin of component #26, pin #7 of component #24, pin of component #23, pin #3 of component #22, pin of component #17, pin #2 of component #15 and polylinetrace, polylinetrace, polylinetrace, polylinetrace, pin #4 of component #13, pin #2 of component #13, pin of component #13, pin of component #10, because the new connection could not be inserted.
2026-09-09 11:08:07.355 DEBUG  [3492A1\E42384] Pass #2: Failed to route Pin on net '+5V' (2 items remaining, 1 failures). State: FAILED
2026-09-09 11:08:07.557 INFO   [3492A1\E42384] Auto-routing pass #2 on board 'ab970822064367f6caad7c6f4513dfab' was completed in 1.75 seconds with score 912.27 (5 unrouted and 0 violations), using 3.77 CPU seconds and the job allocated 10.88 GB of memory so far.
2026-09-09 11:08:07.634 DEBUG  Queuing item for routing: Pin on net 'Net-(D1-A)' (connected: 3/4)
2026-09-09 11:08:07.635 DEBUG  Queuing item for routing: Pin on net '+5V' (connected: 6/21)
2026-09-09 11:08:07.635 DEBUG  Queuing item for routing: Pin on net '+5V' (connected: 7/21)
2026-09-09 11:08:07.635 DEBUG  Queuing item for routing: Pin on net 'GND' (connected: 10/47)
2026-09-09 11:08:07.636 DEBUG  Queuing item for routing: Pin on net 'GND' (connected: 19/47)
2026-09-09 11:08:07.637 DEBUG  Queuing item for routing: Pin on net 'GND' (connected: 18/47)
2026-09-09 11:08:07.637 DEBUG  Queuing item for routing: Pin on net 'Net-(D1-A)' (connected: 1/4)
2026-09-09 11:08:07.637 DEBUG  Queuing item for routing: Pin on net '+5V' (connected: 8/21)
2026-09-09 11:08:07.656 DEBUG  [3492A1\E42384] Pass #3: 5 incompletes across 8 items to route
2026-09-09 11:08:07.656 DEBUG  [3492A1\E42384]   Net 'GND' has 2 incomplete(s)
2026-09-09 11:08:07.656 DEBUG  [3492A1\E42384]   Net '+5V' has 2 incomplete(s)
2026-09-09 11:08:07.656 DEBUG  [3492A1\E42384]   Net 'Net-(D1-A)' has 1 incomplete(s)
2026-09-09 11:08:07.774 DEBUG  FoundConnectionInserter: insert trace failed for net #60 at corner 46/46 on layer 1, trace width: 3500, from corner: 36, okPoint: (1658806,-783225), target: (1689000,-757700)
2026-09-09 11:08:07.782 DEBUG  [3492A1\E42384] Autorouter Failed to route connection between pin of component #18 and polylinetrace, pin #1 of component #26, pin #4 of component #22, because the new connection could not be inserted.
2026-09-09 11:08:09.020 INFO   [3492A1\E42384] Auto-routing pass #3 on board 'c7b14bf6c3ebedf49ff8f4b402577b5f' was completed in 1.39 seconds with score 947.36 (3 unrouted and 0 violations), using 4.48 CPU seconds and the job allocated 13.59 GB of memory so far.
2026-09-09 11:08:09.065 DEBUG  Queuing item for routing: PolylineTrace on net 'Net-(J7-Pin_2)' (connected: 5/6)
2026-09-09 11:08:09.068 DEBUG  Queuing item for routing: Pin on net 'GND' (connected: 48/49)
2026-09-09 11:08:09.068 DEBUG  Queuing item for routing: Pin on net 'Analog_out' (connected: 5/6)
2026-09-09 11:08:09.068 DEBUG  Queuing item for routing: Pin on net 'Analog_out' (connected: 1/6)
2026-09-09 11:08:09.068 DEBUG  Queuing item for routing: Pin on net 'GND' (connected: 1/49)
2026-09-09 11:08:09.069 DEBUG  Queuing item for routing: Pin on net 'Net-(J7-Pin_2)' (connected: 1/6)
2026-09-09 11:08:09.088 DEBUG  [3492A1\E42384] Pass #4: 3 incompletes across 6 items to route
2026-09-09 11:08:09.089 DEBUG  [3492A1\E42384]   Net 'GND' has 1 incomplete(s)
2026-09-09 11:08:09.090 DEBUG  [3492A1\E42384]   Net 'Net-(J7-Pin_2)' has 1 incomplete(s)
2026-09-09 11:08:09.091 DEBUG  [3492A1\E42384]   Net 'Analog_out' has 1 incomplete(s)
2026-09-09 11:08:09.570 INFO   [3492A1\E42384] Auto-routing pass #4 on board '9d4f1b9599197cb94cf0f0061534e0e1' was completed in 0.51 seconds with score 964.90 (2 unrouted and 0 violations), using 5.31 CPU seconds and the job allocated 16.22 GB of memory so far.
2026-09-09 11:08:09.630 DEBUG  Queuing item for routing: Pin on net '+5V' (connected: 15/23)
2026-09-09 11:08:09.631 DEBUG  Queuing item for routing: Pin on net '/V_Ctrl' (connected: 1/2)
2026-09-09 11:08:09.631 DEBUG  Queuing item for routing: Pin on net '+5V' (connected: 8/23)
2026-09-09 11:08:09.632 DEBUG  Queuing item for routing: Pin on net '/V_Ctrl' (connected: 1/2)
2026-09-09 11:08:09.647 DEBUG  [3492A1\E42384] Pass #5: 2 incompletes across 4 items to route
2026-09-09 11:08:09.647 DEBUG  [3492A1\E42384]   Net '+5V' has 1 incomplete(s)
2026-09-09 11:08:09.647 DEBUG  [3492A1\E42384]   Net '/V_Ctrl' has 1 incomplete(s)
2026-09-09 11:08:09.901 INFO   [3492A1\E42384] Auto-routing pass #5 on board '59e5b49765c42c74278fc2b9c293818b' was completed in 0.27 seconds with score 964.90 (2 unrouted and 0 violations), using 5.31 CPU seconds and the job allocated 16.22 GB of memory so far.
2026-09-09 11:08:09.959 DEBUG  Queuing item for routing: Pin on net 'GND' (connected: 33/49)
2026-09-09 11:08:09.959 DEBUG  Queuing item for routing: Pin on net 'Analog_out' (connected: 6/7)
2026-09-09 11:08:09.959 DEBUG  Queuing item for routing: Pin on net 'Analog_out' (connected: 1/7)
2026-09-09 11:08:09.960 DEBUG  Queuing item for routing: Pin on net 'GND' (connected: 16/49)
2026-09-09 11:08:09.991 DEBUG  [3492A1\E42384] Pass #6: 2 incompletes across 4 items to route
2026-09-09 11:08:09.991 DEBUG  [3492A1\E42384]   Net 'GND' has 1 incomplete(s)
2026-09-09 11:08:09.991 DEBUG  [3492A1\E42384]   Net 'Analog_out' has 1 incomplete(s)
2026-09-09 11:08:10.826 INFO   [3492A1\E42384] Auto-routing pass #6 on board '121d1c947d762cc009749b3ef552802e' was completed in 0.87 seconds with score 964.91 (2 unrouted and 0 violations), using 6.22 CPU seconds and the job allocated 19.88 GB of memory so far.
2026-09-09 11:08:10.868 DEBUG  Queuing item for routing: Pin on net 'Net-(D1-A)' (connected: 3/4)
2026-09-09 11:08:10.869 DEBUG  Queuing item for routing: Pin on net '+5V' (connected: 15/23)
2026-09-09 11:08:10.870 DEBUG  Queuing item for routing: Pin on net 'Net-(D1-A)' (connected: 1/4)
2026-09-09 11:08:10.870 DEBUG  Queuing item for routing: Pin on net '+5V' (connected: 8/23)
2026-09-09 11:08:10.884 DEBUG  [3492A1\E42384] Pass #7: 2 incompletes across 4 items to route
2026-09-09 11:08:10.884 DEBUG  [3492A1\E42384]   Net '+5V' has 1 incomplete(s)
2026-09-09 11:08:10.884 DEBUG  [3492A1\E42384]   Net 'Net-(D1-A)' has 1 incomplete(s)
2026-09-09 11:08:11.090 DEBUG  FoundConnectionInserter: insert trace failed for net #60 at corner 24/38 on layer 1, trace width: 3500, from corner: 23, okPoint: (1664001,-905235), target: (1785046,-905235)
2026-09-09 11:08:11.098 DEBUG  [3492A1\E42384] Autorouter Failed to route connection between pin of component #18 and polylinetrace, pin #1 of component #26, pin #4 of component #22, because the new connection could not be inserted.
2026-09-09 11:08:11.099 DEBUG  [3492A1\E42384] Pass #7: Failed to route Pin on net 'Net-(D1-A)' (4 items remaining, 2 failures). State: FAILED
2026-09-09 11:08:11.456 DEBUG  FoundConnectionInserter: insert trace failed for net #52 at corner 11/24 on layer 1, trace width: 3500, from corner: 10, okPoint: (1814331,-866729), target: (1807111,-873949)
2026-09-09 11:08:11.467 DEBUG  [3492A1\E42384] Autorouter Failed to route connection between polylinetrace, polylinetrace, polylinetrace, polylinetrace, polylinetrace, polylinetrace, polylinetrace, polylinetrace, pin of component #26, pin #7 of component #24, pin of component #23, pin #3 of component #22, pin of component #17, pin #2 of component #15 and polylinetrace, polylinetrace, polylinetrace, polylinetrace, pin #4 of component #13, pin #2 of component #13, pin of component #13, pin of component #10, because the new connection could not be inserted.
2026-09-09 11:08:11.467 DEBUG  [3492A1\E42384] Pass #7: Failed to route Pin on net '+5V' (1 items remaining, 2 failures). State: FAILED
2026-09-09 11:08:11.555 INFO   [3492A1\E42384] Auto-routing pass #7 on board 'b97835582c86a8b971777446e11e3a06' was completed in 0.69 seconds with score 929.82 (4 unrouted and 0 violations), using 7.03 CPU seconds and the job allocated 22.64 GB of memory so far.
2026-09-09 11:08:11.600 DEBUG  Queuing item for routing: Pin on net 'Net-(D1-A)' (connected: 3/4)
2026-09-09 11:08:11.608 DEBUG  Queuing item for routing: Pin on net '+5V' (connected: 5/20)
2026-09-09 11:08:11.608 DEBUG  Queuing item for routing: Pin on net '+5V' (connected: 7/20)
2026-09-09 11:08:11.609 DEBUG  Queuing item for routing: Pin on net 'GND' (connected: 48/49)
2026-09-09 11:08:11.609 DEBUG  Queuing item for routing: Pin on net 'GND' (connected: 1/49)
2026-09-09 11:08:11.610 DEBUG  Queuing item for routing: Pin on net 'Net-(D1-A)' (connected: 1/4)
2026-09-09 11:08:11.610 DEBUG  Queuing item for routing: Pin on net '+5V' (connected: 8/20)
2026-09-09 11:08:11.626 DEBUG  [3492A1\E42384] Pass #8: 4 incompletes across 7 items to route
2026-09-09 11:08:11.626 DEBUG  [3492A1\E42384]   Net 'GND' has 1 incomplete(s)
2026-09-09 11:08:11.626 DEBUG  [3492A1\E42384]   Net '+5V' has 2 incomplete(s)
2026-09-09 11:08:11.627 DEBUG  [3492A1\E42384]   Net 'Net-(D1-A)' has 1 incomplete(s)
2026-09-09 11:08:12.539 DEBUG  FoundConnectionInserter: insert trace failed for net #52 at corner 12/24 on layer 1, trace width: 3500, from corner: 11, okPoint: (1814331,-867445), target: (1807469,-874307)
2026-09-09 11:08:12.546 DEBUG  [3492A1\E42384] Autorouter Failed to route connection between polylinetrace, polylinetrace, polylinetrace, polylinetrace, polylinetrace, polylinetrace, polylinetrace, polylinetrace, pin of component #26, pin #7 of component #24, pin of component #23, pin #3 of component #22, pin of component #17, pin #2 of component #15 and polylinetrace, polylinetrace, polylinetrace, polylinetrace, pin #4 of component #13, pin #2 of component #13, pin of component #13, pin of component #10, because the new connection could not be inserted.
2026-09-09 11:08:12.547 DEBUG  [3492A1\E42384] Pass #8: Failed to route Pin on net '+5V' (1 items remaining, 3 failures). State: FAILED
2026-09-09 11:08:12.759 DEBUG  [3492A1\E42384] Restoring an earlier board that has the score of 964.91 (2 unrouted and 0 violations).
2026-09-09 11:08:12.759 INFO   [3492A1\E42384] Auto-routing pass #8 on board 'b97835582c86a8b971777446e11e3a06' was completed in 0.00 seconds with score 964.91 (2 unrouted and 0 violations), using 7.66 CPU seconds and the job allocated 25.36 GB of memory so far.
2026-09-09 11:08:12.790 DEBUG  Queuing item for routing: Pin on net 'Net-(D1-A)' (connected: 3/4)
2026-09-09 11:08:12.790 DEBUG  Queuing item for routing: Pin on net '+5V' (connected: 15/23)
2026-09-09 11:08:12.791 DEBUG  Queuing item for routing: Pin on net 'Net-(D1-A)' (connected: 1/4)
2026-09-09 11:08:12.791 DEBUG  Queuing item for routing: Pin on net '+5V' (connected: 8/23)
2026-09-09 11:08:12.809 DEBUG  [3492A1\E42384] Pass #9: 2 incompletes across 4 items to route
2026-09-09 11:08:12.810 DEBUG  [3492A1\E42384]   Net '+5V' has 1 incomplete(s)
2026-09-09 11:08:12.810 DEBUG  [3492A1\E42384]   Net 'Net-(D1-A)' has 1 incomplete(s)
2026-09-09 11:08:13.011 DEBUG  FoundConnectionInserter: insert trace failed for net #60 at corner 24/41 on layer 1, trace width: 3500, from corner: 23, okPoint: (1664001,-905235), target: (1785046,-905235)
2026-09-09 11:08:13.020 DEBUG  [3492A1\E42384] Autorouter Failed to route connection between pin of component #18 and polylinetrace, pin #1 of component #26, pin #4 of component #22, because the new connection could not be inserted.
2026-09-09 11:08:13.020 DEBUG  [3492A1\E42384] Pass #9: Failed to route Pin on net 'Net-(D1-A)' (4 items remaining, 2 failures). State: FAILED
2026-09-09 11:08:13.293 DEBUG  FoundConnectionInserter: insert trace failed for net #52 at corner 11/24 on layer 1, trace width: 3500, from corner: 10, okPoint: (1814331,-866729), target: (1807111,-873949)
2026-09-09 11:08:13.300 DEBUG  [3492A1\E42384] Autorouter Failed to route connection between polylinetrace, polylinetrace, polylinetrace, polylinetrace, polylinetrace, polylinetrace, polylinetrace, polylinetrace, pin of component #26, pin #7 of component #24, pin of component #23, pin #3 of component #22, pin of component #17, pin #2 of component #15 and polylinetrace, polylinetrace, polylinetrace, polylinetrace, pin #4 of component #13, pin #2 of component #13, pin of component #13, pin of component #10, because the new connection could not be inserted.
2026-09-09 11:08:13.300 DEBUG  [3492A1\E42384] Pass #9: Failed to route Pin on net '+5V' (1 items remaining, 2 failures). State: FAILED
2026-09-09 11:08:13.385 INFO   [3492A1\E42384] Auto-routing pass #9 on board 'b97835582c86a8b971777446e11e3a06' was completed in 0.59 seconds with score 929.82 (4 unrouted and 0 violations), using 7.66 CPU seconds and the job allocated 25.36 GB of memory so far.
2026-09-09 11:08:13.426 DEBUG  Queuing item for routing: Pin on net 'Net-(D1-A)' (connected: 3/4)
2026-09-09 11:08:13.426 DEBUG  Queuing item for routing: Pin on net '+5V' (connected: 5/20)
2026-09-09 11:08:13.426 DEBUG  Queuing item for routing: Pin on net '+5V' (connected: 7/20)
2026-09-09 11:08:13.426 DEBUG  Queuing item for routing: Pin on net 'GND' (connected: 48/49)
2026-09-09 11:08:13.426 DEBUG  Queuing item for routing: Pin on net 'GND' (connected: 1/49)
2026-09-09 11:08:13.426 DEBUG  Queuing item for routing: Pin on net 'Net-(D1-A)' (connected: 1/4)
2026-09-09 11:08:13.426 DEBUG  Queuing item for routing: Pin on net '+5V' (connected: 8/20)
2026-09-09 11:08:13.439 DEBUG  [3492A1\E42384] Pass #10: 4 incompletes across 7 items to route
2026-09-09 11:08:13.439 DEBUG  [3492A1\E42384]   Net 'GND' has 1 incomplete(s)
2026-09-09 11:08:13.439 DEBUG  [3492A1\E42384]   Net '+5V' has 2 incomplete(s)
2026-09-09 11:08:13.439 DEBUG  [3492A1\E42384]   Net 'Net-(D1-A)' has 1 incomplete(s)
2026-09-09 11:08:14.016 DEBUG  FoundConnectionInserter: insert trace failed for net #52 at corner 12/24 on layer 1, trace width: 3500, from corner: 11, okPoint: (1814331,-867445), target: (1807469,-874307)
2026-09-09 11:08:14.016 DEBUG  [3492A1\E42384] Autorouter Failed to route connection between polylinetrace, polylinetrace, polylinetrace, polylinetrace, polylinetrace, polylinetrace, polylinetrace, polylinetrace, pin of component #26, pin #7 of component #24, pin of component #23, pin #3 of component #22, pin of component #17, pin #2 of component #15 and polylinetrace, polylinetrace, polylinetrace, polylinetrace, pin #4 of component #13, pin #2 of component #13, pin of component #13, pin of component #10, because the new connection could not be inserted.
2026-09-09 11:08:14.016 DEBUG  [3492A1\E42384] Pass #10: Failed to route Pin on net '+5V' (1 items remaining, 3 failures). State: FAILED
2026-09-09 11:08:14.089 INFO   [3492A1\E42384] Auto-routing pass #10 on board 'f36e21ed3e6d7ba3734125e40e10d6ad' was completed in 0.66 seconds with score 947.36 (3 unrouted and 0 violations), using 8.55 CPU seconds and the job allocated 28.69 GB of memory so far.
2026-09-09 11:08:14.109 DEBUG  [3492A1\E42384] Applied one-time fanout recovery cleanup (removed fanout tails/vias). Incompletes: 3 -> 3.
2026-09-09 11:08:14.141 DEBUG  Queuing item for routing: Pin on net 'Net-(D1-A)' (connected: 3/4)
2026-09-09 11:08:14.141 DEBUG  Queuing item for routing: Pin on net '+5V' (connected: 13/21)
2026-09-09 11:08:14.141 DEBUG  Queuing item for routing: Pin on net 'GND' (connected: 48/49)
2026-09-09 11:08:14.141 DEBUG  Queuing item for routing: Pin on net 'GND' (connected: 1/49)
2026-09-09 11:08:14.141 DEBUG  Queuing item for routing: Pin on net 'Net-(D1-A)' (connected: 1/4)
2026-09-09 11:08:14.141 DEBUG  Queuing item for routing: Pin on net '+5V' (connected: 8/21)
2026-09-09 11:08:14.161 DEBUG  [3492A1\E42384] Pass #11: 3 incompletes across 6 items to route
2026-09-09 11:08:14.161 DEBUG  [3492A1\E42384]   Net 'GND' has 1 incomplete(s)
2026-09-09 11:08:14.161 DEBUG  [3492A1\E42384]   Net '+5V' has 1 incomplete(s)
2026-09-09 11:08:14.161 DEBUG  [3492A1\E42384]   Net 'Net-(D1-A)' has 1 incomplete(s)
2026-09-09 11:08:14.747 DEBUG  FoundConnectionInserter: insert trace failed for net #52 at corner 12/24 on layer 1, trace width: 3500, from corner: 11, okPoint: (1814331,-867445), target: (1807469,-874307)
2026-09-09 11:08:14.754 DEBUG  [3492A1\E42384] Autorouter Failed to route connection between polylinetrace, polylinetrace, polylinetrace, polylinetrace, polylinetrace, polylinetrace, polylinetrace, polylinetrace, pin of component #26, pin #7 of component #24, pin of component #23, pin #3 of component #22, pin of component #17, pin #2 of component #15 and polylinetrace, polylinetrace, polylinetrace, polylinetrace, pin #4 of component #13, pin #2 of component #13, pin of component #13, pin of component #10, because the new connection could not be inserted.
2026-09-09 11:08:14.755 DEBUG  [3492A1\E42384] Pass #11: Failed to route Pin on net '+5V' (1 items remaining, 4 failures). State: FAILED
2026-09-09 11:08:14.828 INFO   [3492A1\E42384] Auto-routing pass #11 on board '3463a9acffb5ed47f3d923852c28410f' was completed in 0.69 seconds with score 947.36 (3 unrouted and 0 violations), using 9.52 CPU seconds and the job allocated 32.52 GB of memory so far.
2026-09-09 11:08:14.866 DEBUG  Queuing item for routing: Pin on net 'Net-(D1-A)' (connected: 3/4)
2026-09-09 11:08:14.866 DEBUG  Queuing item for routing: Pin on net '+5V' (connected: 13/21)
2026-09-09 11:08:14.866 DEBUG  Queuing item for routing: Pin on net 'GND' (connected: 48/49)
2026-09-09 11:08:14.867 DEBUG  Queuing item for routing: Pin on net 'GND' (connected: 1/49)
2026-09-09 11:08:14.867 DEBUG  Queuing item for routing: Pin on net 'Net-(D1-A)' (connected: 1/4)
2026-09-09 11:08:14.867 DEBUG  Queuing item for routing: Pin on net '+5V' (connected: 8/21)
2026-09-09 11:08:14.884 DEBUG  [3492A1\E42384] Pass #12: 3 incompletes across 6 items to route
2026-09-09 11:08:14.884 DEBUG  [3492A1\E42384]   Net 'GND' has 1 incomplete(s)
2026-09-09 11:08:14.884 DEBUG  [3492A1\E42384]   Net '+5V' has 1 incomplete(s)
2026-09-09 11:08:14.884 DEBUG  [3492A1\E42384]   Net 'Net-(D1-A)' has 1 incomplete(s)
2026-09-09 11:08:15.463 DEBUG  FoundConnectionInserter: insert trace failed for net #52 at corner 12/24 on layer 1, trace width: 3500, from corner: 11, okPoint: (1814331,-867445), target: (1807469,-874307)
2026-09-09 11:08:15.471 DEBUG  [3492A1\E42384] Autorouter Failed to route connection between polylinetrace, polylinetrace, polylinetrace, polylinetrace, polylinetrace, polylinetrace, polylinetrace, polylinetrace, pin of component #26, pin #7 of component #24, pin of component #23, pin #3 of component #22, pin of component #17, pin #2 of component #15 and polylinetrace, polylinetrace, polylinetrace, polylinetrace, pin #4 of component #13, pin #2 of component #13, pin of component #13, pin of component #10, because the new connection could not be inserted.
2026-09-09 11:08:15.471 DEBUG  [3492A1\E42384] Pass #12: Failed to route Pin on net '+5V' (1 items remaining, 5 failures). State: FAILED
2026-09-09 11:08:15.590 DEBUG  [3492A1\E42384] Restoring an earlier board that has the score of 964.91 (2 unrouted and 0 violations).
2026-09-09 11:08:15.591 INFO   [3492A1\E42384] Auto-routing pass #12 on board 'b97835582c86a8b971777446e11e3a06' was completed in 0.00 seconds with score 964.91 (2 unrouted and 0 violations), using 10.45 CPU seconds and the job allocated 36.26 GB of memory so far.
2026-09-09 11:08:15.614 DEBUG  Queuing item for routing: Pin on net 'Net-(D1-A)' (connected: 3/4)
2026-09-09 11:08:15.614 DEBUG  Queuing item for routing: Pin on net '+5V' (connected: 15/23)
2026-09-09 11:08:15.615 DEBUG  Queuing item for routing: Pin on net 'Net-(D1-A)' (connected: 1/4)
2026-09-09 11:08:15.616 DEBUG  Queuing item for routing: Pin on net '+5V' (connected: 8/23)
2026-09-09 11:08:15.631 DEBUG  [3492A1\E42384] Pass #13: 2 incompletes across 4 items to route
2026-09-09 11:08:15.631 DEBUG  [3492A1\E42384]   Net '+5V' has 1 incomplete(s)
2026-09-09 11:08:15.631 DEBUG  [3492A1\E42384]   Net 'Net-(D1-A)' has 1 incomplete(s)
2026-09-09 11:08:15.817 DEBUG  FoundConnectionInserter: insert trace failed for net #60 at corner 24/41 on layer 1, trace width: 3500, from corner: 23, okPoint: (1664001,-905235), target: (1785046,-905235)
2026-09-09 11:08:15.824 DEBUG  [3492A1\E42384] Autorouter Failed to route connection between pin of component #18 and polylinetrace, pin #1 of component #26, pin #4 of component #22, because the new connection could not be inserted.
2026-09-09 11:08:15.825 DEBUG  [3492A1\E42384] Pass #13: Failed to route Pin on net 'Net-(D1-A)' (4 items remaining, 2 failures). State: FAILED
2026-09-09 11:08:16.143 DEBUG  FoundConnectionInserter: insert trace failed for net #52 at corner 11/24 on layer 1, trace width: 3500, from corner: 10, okPoint: (1814331,-866729), target: (1807111,-873949)
2026-09-09 11:08:16.150 DEBUG  [3492A1\E42384] Autorouter Failed to route connection between polylinetrace, polylinetrace, polylinetrace, polylinetrace, polylinetrace, polylinetrace, polylinetrace, polylinetrace, pin of component #26, pin #7 of component #24, pin of component #23, pin #3 of component #22, pin of component #17, pin #2 of component #15 and polylinetrace, polylinetrace, polylinetrace, polylinetrace, pin #4 of component #13, pin #2 of component #13, pin of component #13, pin of component #10, because the new connection could not be inserted.
2026-09-09 11:08:16.150 DEBUG  [3492A1\E42384] Pass #13: Failed to route Pin on net '+5V' (1 items remaining, 2 failures). State: FAILED
2026-09-09 11:08:16.212 INFO   [3492A1\E42384] Auto-routing pass #13 on board 'b97835582c86a8b971777446e11e3a06' was completed in 0.60 seconds with score 929.82 (4 unrouted and 0 violations), using 10.45 CPU seconds and the job allocated 36.26 GB of memory so far.
2026-09-09 11:08:16.243 DEBUG  Queuing item for routing: Pin on net 'Net-(D1-A)' (connected: 3/4)
2026-09-09 11:08:16.243 DEBUG  Queuing item for routing: Pin on net '+5V' (connected: 5/20)
2026-09-09 11:08:16.243 DEBUG  Queuing item for routing: Pin on net '+5V' (connected: 7/20)
2026-09-09 11:08:16.243 DEBUG  Queuing item for routing: Pin on net 'GND' (connected: 48/49)
2026-09-09 11:08:16.243 DEBUG  Queuing item for routing: Pin on net 'GND' (connected: 1/49)
2026-09-09 11:08:16.243 DEBUG  Queuing item for routing: Pin on net 'Net-(D1-A)' (connected: 1/4)
2026-09-09 11:08:16.243 DEBUG  Queuing item for routing: Pin on net '+5V' (connected: 8/20)
2026-09-09 11:08:16.266 DEBUG  [3492A1\E42384] Pass #14: 4 incompletes across 7 items to route
2026-09-09 11:08:16.266 DEBUG  [3492A1\E42384]   Net 'GND' has 1 incomplete(s)
2026-09-09 11:08:16.266 DEBUG  [3492A1\E42384]   Net '+5V' has 2 incomplete(s)
2026-09-09 11:08:16.266 DEBUG  [3492A1\E42384]   Net 'Net-(D1-A)' has 1 incomplete(s)
2026-09-09 11:08:16.807 DEBUG  FoundConnectionInserter: insert trace failed for net #52 at corner 12/24 on layer 1, trace width: 3500, from corner: 11, okPoint: (1814331,-867445), target: (1807469,-874307)
2026-09-09 11:08:16.816 DEBUG  [3492A1\E42384] Autorouter Failed to route connection between polylinetrace, polylinetrace, polylinetrace, polylinetrace, polylinetrace, polylinetrace, polylinetrace, polylinetrace, pin of component #26, pin #7 of component #24, pin of component #23, pin #3 of component #22, pin of component #17, pin #2 of component #15 and polylinetrace, polylinetrace, polylinetrace, polylinetrace, pin #4 of component #13, pin #2 of component #13, pin of component #13, pin of component #10, because the new connection could not be inserted.
2026-09-09 11:08:16.816 DEBUG  [3492A1\E42384] Pass #14: Failed to route Pin on net '+5V' (1 items remaining, 3 failures). State: FAILED
2026-09-09 11:08:16.885 INFO   [3492A1\E42384] Auto-routing pass #14 on board 'd2d4925e72efc02259b6f52dbdb3357c' was completed in 0.64 seconds with score 947.36 (3 unrouted and 0 violations), using 11.34 CPU seconds and the job allocated 40.15 GB of memory so far.
2026-09-09 11:08:16.920 DEBUG  Queuing item for routing: Pin on net 'Net-(D1-A)' (connected: 3/4)
2026-09-09 11:08:16.920 DEBUG  Queuing item for routing: Pin on net '+5V' (connected: 13/21)
2026-09-09 11:08:16.921 DEBUG  Queuing item for routing: Pin on net 'GND' (connected: 48/49)
2026-09-09 11:08:16.921 DEBUG  Queuing item for routing: Pin on net 'GND' (connected: 1/49)
2026-09-09 11:08:16.922 DEBUG  Queuing item for routing: Pin on net 'Net-(D1-A)' (connected: 1/4)
2026-09-09 11:08:16.922 DEBUG  Queuing item for routing: Pin on net '+5V' (connected: 8/21)
2026-09-09 11:08:16.939 DEBUG  [3492A1\E42384] Pass #15: 3 incompletes across 6 items to route
2026-09-09 11:08:16.939 DEBUG  [3492A1\E42384]   Net 'GND' has 1 incomplete(s)
2026-09-09 11:08:16.939 DEBUG  [3492A1\E42384]   Net '+5V' has 1 incomplete(s)
2026-09-09 11:08:16.940 DEBUG  [3492A1\E42384]   Net 'Net-(D1-A)' has 1 incomplete(s)
2026-09-09 11:08:17.465 DEBUG  FoundConnectionInserter: insert trace failed for net #52 at corner 12/24 on layer 1, trace width: 3500, from corner: 11, okPoint: (1814331,-867445), target: (1807469,-874307)
2026-09-09 11:08:17.473 DEBUG  [3492A1\E42384] Autorouter Failed to route connection between polylinetrace, polylinetrace, polylinetrace, polylinetrace, polylinetrace, polylinetrace, polylinetrace, polylinetrace, pin of component #26, pin #7 of component #24, pin of component #23, pin #3 of component #22, pin of component #17, pin #2 of component #15 and polylinetrace, polylinetrace, polylinetrace, polylinetrace, pin #4 of component #13, pin #2 of component #13, pin of component #13, pin of component #10, because the new connection could not be inserted.
2026-09-09 11:08:17.473 DEBUG  [3492A1\E42384] Pass #15: Failed to route Pin on net '+5V' (1 items remaining, 4 failures). State: FAILED
2026-09-09 11:08:17.545 INFO   [3492A1\E42384] Auto-routing pass #15 on board '778f1d2c633a405fdd6e44889bd974f7' was completed in 0.63 seconds with score 947.36 (3 unrouted and 0 violations), using 12.27 CPU seconds and the job allocated 44.20 GB of memory so far.
2026-09-09 11:08:17.588 DEBUG  Queuing item for routing: Pin on net 'Net-(D1-A)' (connected: 3/4)
2026-09-09 11:08:17.588 DEBUG  Queuing item for routing: Pin on net '+5V' (connected: 13/21)
2026-09-09 11:08:17.588 DEBUG  Queuing item for routing: Pin on net 'GND' (connected: 48/49)
2026-09-09 11:08:17.588 DEBUG  Queuing item for routing: Pin on net 'GND' (connected: 1/49)
2026-09-09 11:08:17.588 DEBUG  Queuing item for routing: Pin on net 'Net-(D1-A)' (connected: 1/4)
2026-09-09 11:08:17.588 DEBUG  Queuing item for routing: Pin on net '+5V' (connected: 8/21)
2026-09-09 11:08:17.600 DEBUG  [3492A1\E42384] Pass #16: 3 incompletes across 6 items to route
2026-09-09 11:08:17.600 DEBUG  [3492A1\E42384]   Net 'GND' has 1 incomplete(s)
2026-09-09 11:08:17.600 DEBUG  [3492A1\E42384]   Net '+5V' has 1 incomplete(s)
2026-09-09 11:08:17.600 DEBUG  [3492A1\E42384]   Net 'Net-(D1-A)' has 1 incomplete(s)
2026-09-09 11:08:18.199 DEBUG  FoundConnectionInserter: insert trace failed for net #52 at corner 12/24 on layer 1, trace width: 3500, from corner: 11, okPoint: (1814331,-867445), target: (1807469,-874307)
2026-09-09 11:08:18.215 DEBUG  [3492A1\E42384] Autorouter Failed to route connection between polylinetrace, polylinetrace, polylinetrace, polylinetrace, polylinetrace, polylinetrace, polylinetrace, polylinetrace, pin of component #26, pin #7 of component #24, pin of component #23, pin #3 of component #22, pin of component #17, pin #2 of component #15 and polylinetrace, polylinetrace, polylinetrace, polylinetrace, pin #4 of component #13, pin #2 of component #13, pin of component #13, pin of component #10, because the new connection could not be inserted.
2026-09-09 11:08:18.215 DEBUG  [3492A1\E42384] Pass #16: Failed to route Pin on net '+5V' (1 items remaining, 5 failures). State: FAILED
2026-09-09 11:08:18.316 DEBUG  [3492A1\E42384] Restoring an earlier board that has the score of 964.91 (2 unrouted and 0 violations).
2026-09-09 11:08:18.317 INFO   [3492A1\E42384] Auto-routing pass #16 on board 'b97835582c86a8b971777446e11e3a06' was completed in 0.00 seconds with score 964.91 (2 unrouted and 0 violations), using 12.27 CPU seconds and the job allocated 44.20 GB of memory so far.
2026-09-09 11:08:18.341 DEBUG  Queuing item for routing: Pin on net 'Net-(D1-A)' (connected: 3/4)
2026-09-09 11:08:18.341 DEBUG  Queuing item for routing: Pin on net '+5V' (connected: 15/23)
2026-09-09 11:08:18.342 DEBUG  Queuing item for routing: Pin on net 'Net-(D1-A)' (connected: 1/4)
2026-09-09 11:08:18.343 DEBUG  Queuing item for routing: Pin on net '+5V' (connected: 8/23)
2026-09-09 11:08:18.356 DEBUG  [3492A1\E42384] Pass #17: 2 incompletes across 4 items to route
2026-09-09 11:08:18.356 DEBUG  [3492A1\E42384]   Net '+5V' has 1 incomplete(s)
2026-09-09 11:08:18.356 DEBUG  [3492A1\E42384]   Net 'Net-(D1-A)' has 1 incomplete(s)
2026-09-09 11:08:18.540 DEBUG  FoundConnectionInserter: insert trace failed for net #60 at corner 24/41 on layer 1, trace width: 3500, from corner: 23, okPoint: (1664001,-905235), target: (1785046,-905235)
2026-09-09 11:08:18.546 DEBUG  [3492A1\E42384] Autorouter Failed to route connection between pin of component #18 and polylinetrace, pin #1 of component #26, pin #4 of component #22, because the new connection could not be inserted.
2026-09-09 11:08:18.546 DEBUG  [3492A1\E42384] Pass #17: Failed to route Pin on net 'Net-(D1-A)' (4 items remaining, 2 failures). State: FAILED
2026-09-09 11:08:18.843 DEBUG  FoundConnectionInserter: insert trace failed for net #52 at corner 11/24 on layer 1, trace width: 3500, from corner: 10, okPoint: (1814331,-866729), target: (1807111,-873949)
2026-09-09 11:08:18.850 DEBUG  [3492A1\E42384] Autorouter Failed to route connection between polylinetrace, polylinetrace, polylinetrace, polylinetrace, polylinetrace, polylinetrace, polylinetrace, polylinetrace, pin of component #26, pin #7 of component #24, pin of component #23, pin #3 of component #22, pin of component #17, pin #2 of component #15 and polylinetrace, polylinetrace, polylinetrace, polylinetrace, pin #4 of component #13, pin #2 of component #13, pin of component #13, pin of component #10, because the new connection could not be inserted.
2026-09-09 11:08:18.850 DEBUG  [3492A1\E42384] Pass #17: Failed to route Pin on net '+5V' (1 items remaining, 2 failures). State: FAILED
2026-09-09 11:08:18.917 INFO   [3492A1\E42384] Auto-routing pass #17 on board 'b97835582c86a8b971777446e11e3a06' was completed in 0.58 seconds with score 929.82 (4 unrouted and 0 violations), using 13.19 CPU seconds and the job allocated 48.01 GB of memory so far.
2026-09-09 11:08:18.950 DEBUG  Queuing item for routing: Pin on net 'Net-(D1-A)' (connected: 3/4)
2026-09-09 11:08:18.950 DEBUG  Queuing item for routing: Pin on net '+5V' (connected: 5/20)
2026-09-09 11:08:18.950 DEBUG  Queuing item for routing: Pin on net '+5V' (connected: 7/20)
2026-09-09 11:08:18.950 DEBUG  Queuing item for routing: Pin on net 'GND' (connected: 48/49)
2026-09-09 11:08:18.950 DEBUG  Queuing item for routing: Pin on net 'GND' (connected: 1/49)
2026-09-09 11:08:18.950 DEBUG  Queuing item for routing: Pin on net 'Net-(D1-A)' (connected: 1/4)
2026-09-09 11:08:18.950 DEBUG  Queuing item for routing: Pin on net '+5V' (connected: 8/20)
2026-09-09 11:08:18.967 DEBUG  [3492A1\E42384] Pass #18: 4 incompletes across 7 items to route
2026-09-09 11:08:18.967 DEBUG  [3492A1\E42384]   Net 'GND' has 1 incomplete(s)
2026-09-09 11:08:18.967 DEBUG  [3492A1\E42384]   Net '+5V' has 2 incomplete(s)
2026-09-09 11:08:18.967 DEBUG  [3492A1\E42384]   Net 'Net-(D1-A)' has 1 incomplete(s)
2026-09-09 11:08:19.527 DEBUG  FoundConnectionInserter: insert trace failed for net #52 at corner 12/24 on layer 1, trace width: 3500, from corner: 11, okPoint: (1814331,-867445), target: (1807469,-874307)
2026-09-09 11:08:19.535 DEBUG  [3492A1\E42384] Autorouter Failed to route connection between polylinetrace, polylinetrace, polylinetrace, polylinetrace, polylinetrace, polylinetrace, polylinetrace, polylinetrace, pin of component #26, pin #7 of component #24, pin of component #23, pin #3 of component #22, pin of component #17, pin #2 of component #15 and polylinetrace, polylinetrace, polylinetrace, polylinetrace, pin #4 of component #13, pin #2 of component #13, pin of component #13, pin of component #10, because the new connection could not be inserted.
2026-09-09 11:08:19.535 DEBUG  [3492A1\E42384] Pass #18: Failed to route Pin on net '+5V' (1 items remaining, 3 failures). State: FAILED
2026-09-09 11:08:19.606 INFO   [3492A1\E42384] Auto-routing pass #18 on board 'e353a6f161841e408f3d029ee455c848' was completed in 0.66 seconds with score 947.36 (3 unrouted and 0 violations), using 14.13 CPU seconds and the job allocated 52.15 GB of memory so far.
2026-09-09 11:08:19.614 INFO   [3492A1\E42384] The router's best score (964.91) has not improved by more than 0.5 points since pass #8. Stopping the auto-router after 18 passes (2 items still unconnected).
The following connections could not be routed -- please review your design (e.g. check pad clearances, trace width rules, and available routing space):
  Net 'GND' (1 unrouted connection):
    - Q1-3  ->  U1-4
  Net '+5V' (1 unrouted connection):
    - J7-1  ->  U2-3
  Net 'Net-(D1-A)' (1 unrouted connection):
    - Q1-1  ->  D1-2
2026-09-09 11:08:19.665 DEBUG  [3492A1\E42384] The final board state (score 947.36 (3 unrouted and 0 violations)) is worse than the best board seen during routing (score 964.91 (2 unrouted and 0 violations)). Restoring the best board as the final result.
2026-09-09 11:08:19.665 DEBUG  === Performance Profile ===
2026-09-09 11:08:19.665 DEBUG  === Routing Parameters ===
2026-09-09 11:08:19.675 DEBUG    Via Costs: 50, Plane Via Costs: 5
2026-09-09 11:08:19.675 DEBUG    Layer Costs (Preferred / Against):
2026-09-09 11:08:19.675 DEBUG      Layer 1: 1.0 / 2.9
2026-09-09 11:08:19.675 DEBUG      Layer 2: 1.0 / 1.5
2026-09-09 11:08:19.675 DEBUG  
2026-09-09 11:08:19.681 DEBUG    autoroute_item                          :    12191 ms total,      175 calls,     69 ms avg
2026-09-09 11:08:19.681 DEBUG  
2026-09-09 11:08:19.681 DEBUG  === Pass History ===
2026-09-09 11:08:19.682 DEBUG    Pass 1  :    6 unrouted items,     3.47 s,   100 ripup cost
2026-09-09 11:08:19.682 DEBUG    Pass 2  :    5 unrouted items,     1.71 s,   200 ripup cost
2026-09-09 11:08:19.682 DEBUG    Pass 3  :    3 unrouted items,     1.37 s,   300 ripup cost
2026-09-09 11:08:19.682 DEBUG    Pass 4  :    2 unrouted items,     0.49 s,   400 ripup cost
2026-09-09 11:08:19.682 DEBUG    Pass 5  :    2 unrouted items,     0.26 s,   500 ripup cost
2026-09-09 11:08:19.682 DEBUG    Pass 6  :    2 unrouted items,     0.86 s,   600 ripup cost
2026-09-09 11:08:19.682 DEBUG    Pass 7  :    4 unrouted items,     0.67 s,   700 ripup cost
2026-09-09 11:08:19.682 DEBUG    Pass 8  :    3 unrouted items,     1.02 s,   800 ripup cost
2026-09-09 11:08:19.682 DEBUG    Pass 9  :    4 unrouted items,     0.59 s,   900 ripup cost
2026-09-09 11:08:19.682 DEBUG    Pass 10 :    3 unrouted items,     0.65 s,  1000 ripup cost
2026-09-09 11:08:19.682 DEBUG    Pass 11 :    3 unrouted items,     0.67 s,  1100 ripup cost
2026-09-09 11:08:19.682 DEBUG    Pass 12 :    3 unrouted items,     0.66 s,  1200 ripup cost
2026-09-09 11:08:19.682 DEBUG    Pass 13 :    4 unrouted items,     0.60 s,  1300 ripup cost
2026-09-09 11:08:19.682 DEBUG    Pass 14 :    3 unrouted items,     0.63 s,  1400 ripup cost
2026-09-09 11:08:19.682 DEBUG    Pass 15 :    3 unrouted items,     0.60 s,  1500 ripup cost
2026-09-09 11:08:19.682 DEBUG    Pass 16 :    3 unrouted items,     0.67 s,  1600 ripup cost
2026-09-09 11:08:19.682 DEBUG    Pass 17 :    4 unrouted items,     0.57 s,  1700 ripup cost
2026-09-09 11:08:19.682 DEBUG    Pass 18 :    3 unrouted items,     0.65 s,  1800 ripup cost
2026-09-09 11:08:19.682 DEBUG  ===========================
2026-09-09 11:08:19.698 INFO   [3492A1\E42384] Auto-routing stage completed: started with 52 unrouted nets, completed in 17.55 seconds, final score: 964.91 (2 unrouted and 0 violations), using 14.13 total CPU seconds, 52.15 GB total allocated, and 415.8 MB peak heap usage.
2026-09-09 11:08:19.701 DEBUG  [3492A1\E42384] Before optimization: Via count: 0, trace length: 10704909
2026-09-09 11:08:19.715 INFO   [3492A1\E42384] Optimization stage started on board 'a00cc2988fa8e0b656ac39337412de00' with score 947.36 (3 unrouted and 0 violations).
2026-09-09 11:08:21.317 INFO   [3492A1\E42384] Stopping optimization pass #1 early after 50 consecutive items could not be improved.
2026-09-09 11:08:21.335 INFO   [3492A1\E42384] Optimizer pass #1 on board '01a5bad20dfbde2b2db331b068e56a4f' was completed in 1.57 seconds with the score of 947.36 (3 unrouted and 0 violations).
2026-09-09 11:08:21.347 INFO   [3492A1\E42384] Stopping optimizer because the improvement in this pass (0.0000%) is below the threshold (1.00%).
2026-09-09 11:08:21.359 INFO   [3492A1\E42384] Optimization stage completed: started with score 947.36 (3 unrouted and 0 violations), completed in 1.63 seconds, final score: 947.36 (3 unrouted and 0 violations), using 1.56 total CPU seconds, 10.29 GB total allocated, and 206.4 MB peak heap usage.
2026-09-09 11:08:21.368 INFO   [3492A1\E42384] Job '3492A1\E42384' finished with state: COMPLETED (elapsed: 19.28 seconds, finished at UTC: 2026-09-09T14:08:21.366338300Z).
2026-09-09 11:08:21.624 INFO   Saving output file 'C:\Users\juanc\OneDrive\Desktop\Work\Proyectos\placa lancha\redisenio\bottom.ses' (SES)...
2026-09-09 11:08:21.631 INFO   Successfully saved output file 'C:\Users\juanc\OneDrive\Desktop\Work\Proyectos\placa lancha\redisenio\bottom.ses' (24878 bytes).
2026-09-09 11:09:51.145 INFO   Freerouting v2.4.1 (build-date: 2026-09-03)
2026-09-09 11:09:51.148 DEBUG  [startup] user-data path : C:\Users\juanc\OneDrive\Desktop\Work\Proyectos\placa lancha\redisenio\config  (source: CLI argument --user_data_path)
2026-09-09 11:09:51.148 DEBUG  [startup] log file       : C:\Users\juanc\OneDrive\Desktop\Work\Proyectos\placa lancha\redisenio\config\freerouting.log
2026-09-09 11:09:51.184 DEBUG  Settings loaded from 'C:\Users\juanc\OneDrive\Desktop\Work\Proyectos\placa lancha\redisenio\config\freerouting.json'.
2026-09-09 11:09:51.200 DEBUG  Version: 2.4.1,2026-09-03
2026-09-09 11:09:51.200 DEBUG  Command line arguments: '-de C:\Users\juanc\OneDrive\Desktop\Work\Proyectos\placa lancha\redisenio\inicio.dsn -do C:\Users\juanc\OneDrive\Desktop\Work\Proyectos\placa lancha\redisenio\bottom.ses --gui.enabled=false --api_server.enabled=false --mcp_server.enabled=false --router.layers.routable=false,true -mp 40 -mt 1 -da --user_data_path=C:\Users\juanc\OneDrive\Desktop\Work\Proyectos\placa lancha\redisenio\config'
2026-09-09 11:09:51.200 DEBUG  Architecture: Windows 11,amd64,10.0
2026-09-09 11:09:51.200 DEBUG  Java: 25.0.4.1,Eclipse Adoptium
2026-09-09 11:09:51.200 DEBUG  System Language: en,en_GB
2026-09-09 11:09:51.202 DEBUG  Hardware: 8 CPU cores, 248366 CPU score, 3972 MB RAM
2026-09-09 11:09:51.202 DEBUG  UTC Time: 2026-09-09T14:09:51.184508800Z
2026-09-09 11:09:51.203 DEBUG  GUI Language: en_GB
2026-09-09 11:09:51.203 DEBUG  Host: N/A
2026-09-09 11:09:51.206 DEBUG  Analytics are disabled
2026-09-09 11:09:52.319 DEBUG  Loaded router settings from: C:\Users\juanc\OneDrive\Desktop\Work\Proyectos\placa lancha\redisenio\config\freerouting.json
2026-09-09 11:09:52.319 DEBUG  Applied CLI router setting: router.layers.routable = false,true
2026-09-09 11:09:52.319 DEBUG  Applied CLI router setting: router.max_passes = 40
2026-09-09 11:09:52.320 DEBUG  Applied CLI router setting: router.max_threads = 1
2026-09-09 11:09:52.320 DEBUG  Applied CLI router setting: router.enabled = true (implicit from -de/-do batch mode)
2026-09-09 11:09:52.320 DEBUG  No router settings found in environment variables
2026-09-09 11:09:52.357 DEBUG  Set DEFAULT clearance (all layers): 2000 (0.05 mm) from DSN value 200.0
2026-09-09 11:09:52.360 DEBUG  Set clearance (all layers): smd_smd = 500 (0.0125 mm), classes [2,2]
2026-09-09 11:09:52.362 DEBUG  Set default trace width (all layers): DSN=700.0 → board=7000 (0.175 mm)
2026-09-09 11:09:52.372 DEBUG  Loaded router settings from DSN file: inicio.dsn (2 layers)
2026-09-09 11:09:52.384 DEBUG  Set DEFAULT clearance (all layers): 2000 (0.05 mm) from DSN value 200.0
2026-09-09 11:09:52.384 DEBUG  Set clearance (all layers): smd_smd = 500 (0.0125 mm), classes [2,2]
2026-09-09 11:09:52.384 DEBUG  Set default trace width (all layers): DSN=700.0 → board=7000 (0.175 mm)
2026-09-09 11:09:52.385 DEBUG  Loaded router settings from DSN file: inicio.dsn (2 layers)
2026-09-09 11:09:52.386 DEBUG  Merging settings from 5 sources:
2026-09-09 11:09:52.386 DEBUG    - Default Settings (priority 0): base settings
2026-09-09 11:09:52.388 DEBUG    - freerouting.json (priority 10): 0 fields changed
2026-09-09 11:09:52.389 DEBUG    - DSN file: inicio.dsn (priority 20): 4 fields changed
2026-09-09 11:09:52.389 DEBUG    - Environment Variables (priority 55): 0 fields changed
2026-09-09 11:09:52.390 DEBUG    - CLI Arguments (priority 60): 4 fields changed
2026-09-09 11:09:52.390 DEBUG  Settings merged successfully from 5 source(s)
2026-09-09 11:09:52.627 INFO   [16342E\E292CD] Loading board file 'inicio.dsn'...
2026-09-09 11:09:52.635 DEBUG  Set DEFAULT clearance (all layers): 2000 (0.05 mm) from DSN value 200.0
2026-09-09 11:09:52.635 DEBUG  Set clearance (all layers): smd_smd = 500 (0.0125 mm), classes [2,2]
2026-09-09 11:09:52.635 DEBUG  Set default trace width (all layers): DSN=700.0 → board=7000 (0.175 mm)
2026-09-09 11:09:52.704 DEBUG  applyBoardSpecificOptimizations changed parameters:
  Layer 0: bendCost: null -> 0.0; preferredDirectionHorizontal: null -> true; undesiredDirectionTraceCost: 1.0 -> 2.9000000000000004;
  Layer 1: bendCost: null -> 0.0; preferredDirectionHorizontal: null -> false; undesiredDirectionTraceCost: 1.0 -> 1.5;
2026-09-09 11:09:52.706 DEBUG  Applied copper-to-edge clearance override: 500.0 um (5000 board units).
2026-09-09 11:09:52.715 DEBUG  Set DEFAULT clearance (all layers): 2000 (0.05 mm) from DSN value 200.0
2026-09-09 11:09:52.715 DEBUG  Set clearance (all layers): smd_smd = 500 (0.0125 mm), classes [2,2]
2026-09-09 11:09:52.715 DEBUG  Set default trace width (all layers): DSN=700.0 → board=7000 (0.175 mm)
2026-09-09 11:09:52.716 DEBUG  Loaded router settings from DSN file: inicio.dsn (2 layers)
2026-09-09 11:09:52.716 DEBUG  Merging settings from 6 sources:
2026-09-09 11:09:52.716 DEBUG    - Default Settings (priority 0): base settings
2026-09-09 11:09:52.717 DEBUG    - freerouting.json (priority 10): 0 fields changed
2026-09-09 11:09:52.717 DEBUG    - DSN file: inicio.dsn (priority 20): 4 fields changed
2026-09-09 11:09:52.717 DEBUG    - Environment Variables (priority 55): 0 fields changed
2026-09-09 11:09:52.717 DEBUG    - CLI Arguments (priority 60): 4 fields changed
2026-09-09 11:09:52.717 DEBUG    - API Settings (priority 70): 24 fields changed
2026-09-09 11:09:52.717 DEBUG  Settings merged successfully from 6 source(s)
2026-09-09 11:09:52.717 DEBUG  applyBoardSpecificOptimizations changed parameters:
  Layer 0: undesiredDirectionTraceCost: 1.0 -> 2.9000000000000004;
  Layer 1: undesiredDirectionTraceCost: 1.0 -> 1.5;
2026-09-09 11:09:52.718 INFO   [16342E\E292CD] Job '16342E\E292CD' started at 2026-09-09T14:09:52.718884100Z.
2026-09-09 11:09:52.802 DEBUG  [16342E\E292CD] Checking fanout pre-pass. settings.fanout.enabled=true, smdPins=0
2026-09-09 11:09:52.802 INFO   [16342E\E292CD] Fanout stage is enabled but skipped because the board has no SMD pins.
2026-09-09 11:09:52.818 INFO   [16342E\E292CD] Auto-routing stage started on board 'be0bc051784084b4a4542504598f72d0' for 52 unrouted items.
2026-09-09 11:09:52.887 DEBUG  Queuing item for routing: PolylineTrace on net 'Net-(J7-Pin_2)' (connected: 5/6)
2026-09-09 11:09:52.888 DEBUG  Queuing item for routing: PolylineTrace on net 'GND' (connected: 4/33)
2026-09-09 11:09:52.888 DEBUG  Queuing item for routing: PolylineTrace on net '+9V' (connected: 4/7)
2026-09-09 11:09:52.888 DEBUG  Queuing item for routing: PolylineTrace on net 'GND' (connected: 14/33)
2026-09-09 11:09:52.888 DEBUG  Queuing item for routing: PolylineTrace on net 'S-BUS' (connected: 9/10)
2026-09-09 11:09:52.889 DEBUG  Queuing item for routing: Pin on net '/Power_on_motor' (connected: 1/2)
2026-09-09 11:09:52.889 DEBUG  Queuing item for routing: Pin on net '/Power_on_relay' (connected: 1/2)
2026-09-09 11:09:52.889 DEBUG  Queuing item for routing: Pin on net 'Net-(D1-A)' (connected: 1/3)
2026-09-09 11:09:52.889 DEBUG  Queuing item for routing: Pin on net '+5V' (connected: 1/10)
2026-09-09 11:09:52.889 DEBUG  Queuing item for routing: Pin on net 'Net-(U1A-+)' (connected: 1/3)
2026-09-09 11:09:52.889 DEBUG  Queuing item for routing: Pin on net '+5V' (connected: 1/10)
2026-09-09 11:09:52.890 DEBUG  Queuing item for routing: Pin on net 'GND' (connected: 1/33)
2026-09-09 11:09:52.890 DEBUG  Queuing item for routing: Pin on net 'Net-(U1A-+)' (connected: 1/3)
2026-09-09 11:09:52.890 DEBUG  Queuing item for routing: Pin on net 'Analog_out' (connected: 1/3)
2026-09-09 11:09:52.890 DEBUG  Queuing item for routing: Pin on net 'Analog_out' (connected: 1/3)
2026-09-09 11:09:52.890 DEBUG  Queuing item for routing: Pin on net 'Net-(Q2-B)' (connected: 1/2)
2026-09-09 11:09:52.890 DEBUG  Queuing item for routing: Pin on net 'Net-(A2-D3_INT1)' (connected: 1/3)
2026-09-09 11:09:52.890 DEBUG  Queuing item for routing: Pin on net 'Net-(A2-D3_INT1)' (connected: 1/3)
2026-09-09 11:09:52.890 DEBUG  Queuing item for routing: Pin on net '+5V' (connected: 1/10)
2026-09-09 11:09:52.890 DEBUG  Queuing item for routing: Pin on net 'Net-(D1-A)' (connected: 1/3)
2026-09-09 11:09:52.890 DEBUG  Queuing item for routing: Pin on net '+5V' (connected: 1/10)
2026-09-09 11:09:52.890 DEBUG  Queuing item for routing: Pin on net '/Power_on_relay' (connected: 1/2)
2026-09-09 11:09:52.890 DEBUG  Queuing item for routing: Pin on net 'Net-(J1-Pin_3)' (connected: 1/2)
2026-09-09 11:09:52.890 DEBUG  Queuing item for routing: Pin on net 'GND' (connected: 1/33)
2026-09-09 11:09:52.890 DEBUG  Queuing item for routing: Pin on net 'GND' (connected: 1/33)
2026-09-09 11:09:52.890 DEBUG  Queuing item for routing: Pin on net '/V_Ctrl' (connected: 1/2)
2026-09-09 11:09:52.891 DEBUG  Queuing item for routing: Pin on net 'Analog_out' (connected: 1/3)
2026-09-09 11:09:52.891 DEBUG  Queuing item for routing: Pin on net 'Net-(J1-Pin_3)' (connected: 1/2)
2026-09-09 11:09:52.891 DEBUG  Queuing item for routing: Pin on net '/Power_on_motor' (connected: 1/2)
2026-09-09 11:09:52.891 DEBUG  Queuing item for routing: Pin on net '/Seguridad' (connected: 1/2)
2026-09-09 11:09:52.891 DEBUG  Queuing item for routing: Pin on net 'GND' (connected: 1/33)
2026-09-09 11:09:52.891 DEBUG  Queuing item for routing: Pin on net '+5V' (connected: 1/10)
2026-09-09 11:09:52.891 DEBUG  Queuing item for routing: Pin on net 'GND' (connected: 1/33)
2026-09-09 11:09:52.891 DEBUG  Queuing item for routing: Pin on net 'Net-(U1A-+)' (connected: 1/3)
2026-09-09 11:09:52.891 DEBUG  Queuing item for routing: Pin on net 'GND' (connected: 1/33)
2026-09-09 11:09:52.891 DEBUG  Queuing item for routing: Pin on net 'Net-(Q1-B)' (connected: 1/2)
2026-09-09 11:09:52.891 DEBUG  Queuing item for routing: Pin on net 'Net-(D1-A)' (connected: 1/3)
2026-09-09 11:09:52.891 DEBUG  Queuing item for routing: Pin on net 'GND' (connected: 1/33)
2026-09-09 11:09:52.891 DEBUG  Queuing item for routing: Pin on net '+9V' (connected: 1/7)
2026-09-09 11:09:52.891 DEBUG  Queuing item for routing: Pin on net '+5V' (connected: 1/10)
2026-09-09 11:09:52.891 DEBUG  Queuing item for routing: Pin on net 'Net-(Q1-B)' (connected: 1/2)
2026-09-09 11:09:52.891 DEBUG  Queuing item for routing: Pin on net 'Net-(J6-Pin_6)' (connected: 1/2)
2026-09-09 11:09:52.892 DEBUG  Queuing item for routing: Pin on net '+5V' (connected: 1/10)
2026-09-09 11:09:52.892 DEBUG  Queuing item for routing: Pin on net 'Net-(J6-Pin_4)' (connected: 1/2)
2026-09-09 11:09:52.892 DEBUG  Queuing item for routing: Pin on net '+5V' (connected: 1/10)
2026-09-09 11:09:52.892 DEBUG  Queuing item for routing: Pin on net 'Net-(J6-Pin_2)' (connected: 1/2)
2026-09-09 11:09:52.892 DEBUG  Queuing item for routing: Pin on net '+5V' (connected: 1/10)
2026-09-09 11:09:52.892 DEBUG  Queuing item for routing: Pin on net 'GND' (connected: 1/33)
2026-09-09 11:09:52.892 DEBUG  Queuing item for routing: Pin on net '+9V' (connected: 1/7)
2026-09-09 11:09:52.892 DEBUG  Queuing item for routing: Pin on net 'GND' (connected: 1/33)
2026-09-09 11:09:52.892 DEBUG  Queuing item for routing: Pin on net '/Seguridad' (connected: 1/2)
2026-09-09 11:09:52.892 DEBUG  Queuing item for routing: Pin on net 'GND' (connected: 1/33)
2026-09-09 11:09:52.892 DEBUG  Queuing item for routing: Pin on net '+5V' (connected: 1/10)
2026-09-09 11:09:52.892 DEBUG  Queuing item for routing: Pin on net '+9V' (connected: 1/7)
2026-09-09 11:09:52.892 DEBUG  Queuing item for routing: Pin on net 'GND' (connected: 1/33)
2026-09-09 11:09:52.893 DEBUG  Queuing item for routing: Pin on net 'Dir' (connected: 1/2)
2026-09-09 11:09:52.893 DEBUG  Queuing item for routing: Pin on net 'Net-(A2-D3_INT1)' (connected: 1/3)
2026-09-09 11:09:52.894 DEBUG  Queuing item for routing: Pin on net 'Net-(J7-Pin_2)' (connected: 1/6)
2026-09-09 11:09:52.894 DEBUG  Queuing item for routing: Pin on net 'GND' (connected: 1/33)
2026-09-09 11:09:52.894 DEBUG  Queuing item for routing: Pin on net 'Net-(Q3-B)' (connected: 1/2)
2026-09-09 11:09:52.894 DEBUG  Queuing item for routing: Pin on net 'Net-(J6-Pin_2)' (connected: 1/2)
2026-09-09 11:09:52.894 DEBUG  Queuing item for routing: Pin on net 'GND' (connected: 1/33)
2026-09-09 11:09:52.894 DEBUG  Queuing item for routing: Pin on net 'Net-(Q5-B)' (connected: 1/2)
2026-09-09 11:09:52.894 DEBUG  Queuing item for routing: Pin on net 'Net-(J6-Pin_6)' (connected: 1/2)
2026-09-09 11:09:52.895 DEBUG  Queuing item for routing: Pin on net 'GND' (connected: 1/33)
2026-09-09 11:09:52.895 DEBUG  Queuing item for routing: Pin on net 'Net-(Q4-B)' (connected: 1/2)
2026-09-09 11:09:52.895 DEBUG  Queuing item for routing: Pin on net 'Net-(J6-Pin_4)' (connected: 1/2)
2026-09-09 11:09:52.895 DEBUG  Queuing item for routing: Pin on net 'Net-(Q4-B)' (connected: 1/2)
2026-09-09 11:09:52.895 DEBUG  Queuing item for routing: Pin on net 'Dir' (connected: 1/2)
2026-09-09 11:09:52.895 DEBUG  Queuing item for routing: Pin on net 'Net-(Q5-B)' (connected: 1/2)
2026-09-09 11:09:52.895 DEBUG  Queuing item for routing: Pin on net 'Net-(Q2-B)' (connected: 1/2)
2026-09-09 11:09:52.895 DEBUG  Queuing item for routing: Pin on net '/V_Ctrl' (connected: 1/2)
2026-09-09 11:09:52.895 DEBUG  Queuing item for routing: Pin on net 'Net-(Q3-B)' (connected: 1/2)
2026-09-09 11:09:52.895 DEBUG  Queuing item for routing: Pin on net 'GND' (connected: 1/33)
2026-09-09 11:09:52.895 DEBUG  Queuing item for routing: Pin on net 'S-BUS' (connected: 1/10)
2026-09-09 11:09:52.923 DEBUG  [16342E\E292CD] Pass #1: 52 incompletes across 75 items to route
2026-09-09 11:09:52.923 DEBUG  [16342E\E292CD]   Net 'S-BUS' has 1 incomplete(s)
2026-09-09 11:09:52.923 DEBUG  [16342E\E292CD]   Net 'GND' has 16 incomplete(s)
2026-09-09 11:09:52.923 DEBUG  [16342E\E292CD]   Net 'Net-(Q3-B)' has 1 incomplete(s)
2026-09-09 11:09:52.923 DEBUG  [16342E\E292CD]   Net 'Net-(J6-Pin_4)' has 1 incomplete(s)
2026-09-09 11:09:52.923 DEBUG  [16342E\E292CD]   Net 'Net-(Q4-B)' has 1 incomplete(s)
2026-09-09 11:09:52.923 DEBUG  [16342E\E292CD]   Net 'Net-(J7-Pin_2)' has 1 incomplete(s)
2026-09-09 11:09:52.923 DEBUG  [16342E\E292CD]   Net 'Net-(A2-D3_INT1)' has 2 incomplete(s)
2026-09-09 11:09:52.923 DEBUG  [16342E\E292CD]   Net 'Dir' has 1 incomplete(s)
2026-09-09 11:09:52.923 DEBUG  [16342E\E292CD]   Net '+9V' has 3 incomplete(s)
2026-09-09 11:09:52.923 DEBUG  [16342E\E292CD]   Net '+5V' has 9 incomplete(s)
2026-09-09 11:09:52.923 DEBUG  [16342E\E292CD]   Net '/Seguridad' has 1 incomplete(s)
2026-09-09 11:09:52.923 DEBUG  [16342E\E292CD]   Net 'Net-(J6-Pin_2)' has 1 incomplete(s)
2026-09-09 11:09:52.923 DEBUG  [16342E\E292CD]   Net 'Net-(J6-Pin_6)' has 1 incomplete(s)
2026-09-09 11:09:52.923 DEBUG  [16342E\E292CD]   Net 'Net-(Q1-B)' has 1 incomplete(s)
2026-09-09 11:09:52.923 DEBUG  [16342E\E292CD]   Net '/V_Ctrl' has 1 incomplete(s)
2026-09-09 11:09:52.923 DEBUG  [16342E\E292CD]   Net 'Net-(Q2-B)' has 1 incomplete(s)
2026-09-09 11:09:52.923 DEBUG  [16342E\E292CD]   Net 'Net-(Q5-B)' has 1 incomplete(s)
2026-09-09 11:09:52.923 DEBUG  [16342E\E292CD]   Net 'Net-(D1-A)' has 2 incomplete(s)
2026-09-09 11:09:52.923 DEBUG  [16342E\E292CD]   Net 'Net-(U1A-+)' has 2 incomplete(s)
2026-09-09 11:09:52.923 DEBUG  [16342E\E292CD]   Net '/Power_on_motor' has 1 incomplete(s)
2026-09-09 11:09:52.923 DEBUG  [16342E\E292CD]   Net 'Net-(J1-Pin_3)' has 1 incomplete(s)
2026-09-09 11:09:52.924 DEBUG  [16342E\E292CD]   Net 'Analog_out' has 2 incomplete(s)
2026-09-09 11:09:52.924 DEBUG  [16342E\E292CD]   Net '/Power_on_relay' has 1 incomplete(s)
2026-09-09 11:09:53.059 DEBUG  ShapeSearchTree45Degree.completeShape: non-IntOctagon contained shape, using bounding octagon approximation
2026-09-09 11:09:53.101 DEBUG  ShapeSearchTree45Degree.completeShape: non-IntOctagon contained shape, using bounding octagon approximation
2026-09-09 11:09:53.104 DEBUG  ShapeSearchTree45Degree.completeShape: non-IntOctagon contained shape, using bounding octagon approximation
2026-09-09 11:09:53.287 DEBUG  ShapeSearchTree45Degree.completeShape: non-IntOctagon contained shape, using bounding octagon approximation
2026-09-09 11:09:53.287 DEBUG  ShapeSearchTree45Degree.completeShape: non-IntOctagon contained shape, using bounding octagon approximation
2026-09-09 11:09:53.287 DEBUG  ShapeSearchTree45Degree.completeShape: non-IntOctagon contained shape, using bounding octagon approximation
2026-09-09 11:09:53.635 DEBUG  ShapeSearchTree45Degree.completeShape: non-IntOctagon contained shape, using bounding octagon approximation
2026-09-09 11:09:53.636 DEBUG  ShapeSearchTree45Degree.completeShape: non-IntOctagon contained shape, using bounding octagon approximation
2026-09-09 11:09:53.636 DEBUG  ShapeSearchTree45Degree.completeShape: non-IntOctagon contained shape, using bounding octagon approximation
2026-09-09 11:09:53.643 DEBUG  ShapeSearchTree45Degree.completeShape: non-IntOctagon contained shape, using bounding octagon approximation
2026-09-09 11:09:53.643 DEBUG  ShapeSearchTree45Degree.completeShape: non-IntOctagon contained shape, using bounding octagon approximation
2026-09-09 11:09:53.643 DEBUG  ShapeSearchTree45Degree.completeShape: non-IntOctagon contained shape, using bounding octagon approximation
2026-09-09 11:09:54.118 DEBUG  ShapeSearchTree45Degree.completeShape: non-IntOctagon contained shape, using bounding octagon approximation
2026-09-09 11:09:54.118 DEBUG  ShapeSearchTree45Degree.completeShape: non-IntOctagon contained shape, using bounding octagon approximation
2026-09-09 11:09:54.118 DEBUG  ShapeSearchTree45Degree.completeShape: non-IntOctagon contained shape, using bounding octagon approximation
2026-09-09 11:09:54.705 DEBUG  ShapeSearchTree45Degree.completeShape: non-IntOctagon contained shape, using bounding octagon approximation
2026-09-09 11:09:54.715 DEBUG  ShapeSearchTree45Degree.completeShape: non-IntOctagon contained shape, using bounding octagon approximation
2026-09-09 11:09:54.715 DEBUG  ShapeSearchTree45Degree.completeShape: non-IntOctagon contained shape, using bounding octagon approximation
2026-09-09 11:09:54.950 DEBUG  ShapeSearchTree45Degree.completeShape: non-IntOctagon contained shape, using bounding octagon approximation
2026-09-09 11:09:54.950 DEBUG  ShapeSearchTree45Degree.completeShape: non-IntOctagon contained shape, using bounding octagon approximation
2026-09-09 11:09:54.950 DEBUG  ShapeSearchTree45Degree.completeShape: non-IntOctagon contained shape, using bounding octagon approximation
2026-09-09 11:09:55.379 DEBUG  FoundConnectionInserter: insert trace failed for net #56 at corner 55/55 on layer 1, trace width: 3500, from corner: 18, okPoint: (1399251,-800712), target: (1520000,-890000)
2026-09-09 11:09:55.400 DEBUG  [16342E\E292CD] Autorouter Failed to route connection between pin of component #14 and pin #1 of component #17, because the new connection could not be inserted.
2026-09-09 11:09:55.461 DEBUG  ShapeSearchTree45Degree.completeShape: non-IntOctagon contained shape, using bounding octagon approximation
2026-09-09 11:09:55.461 DEBUG  ShapeSearchTree45Degree.completeShape: non-IntOctagon contained shape, using bounding octagon approximation
2026-09-09 11:09:55.461 DEBUG  ShapeSearchTree45Degree.completeShape: non-IntOctagon contained shape, using bounding octagon approximation
2026-09-09 11:09:55.503 DEBUG  ShapeSearchTree45Degree.completeShape: non-IntOctagon contained shape, using bounding octagon approximation
2026-09-09 11:09:55.776 DEBUG  No new version available. Current version is up to date: v2.4.1
2026-09-09 11:09:55.879 DEBUG  FoundConnectionInserter: insert trace failed for net #56 at corner 24/32 on layer 1, trace width: 3500, from corner: 23, okPoint: (1504525,-939349), target: (1504525,-905125)
2026-09-09 11:09:55.879 DEBUG  [16342E\E292CD] Autorouter Failed to route connection between pin #1 of component #17 and pin of component #14, because the new connection could not be inserted.
2026-09-09 11:09:56.076 DEBUG  ShapeSearchTree45Degree.completeShape: non-IntOctagon contained shape, using bounding octagon approximation
2026-09-09 11:09:56.076 DEBUG  ShapeSearchTree45Degree.completeShape: non-IntOctagon contained shape, using bounding octagon approximation
2026-09-09 11:09:56.076 DEBUG  ShapeSearchTree45Degree.completeShape: non-IntOctagon contained shape, using bounding octagon approximation
2026-09-09 11:09:56.117 DEBUG  ShapeSearchTree45Degree.completeShape: non-IntOctagon contained shape, using bounding octagon approximation
2026-09-09 11:09:56.370 DEBUG  ShapeSearchTree45Degree.completeShape: non-IntOctagon contained shape, using bounding octagon approximation
2026-09-09 11:09:56.370 DEBUG  ShapeSearchTree45Degree.completeShape: non-IntOctagon contained shape, using bounding octagon approximation
2026-09-09 11:09:56.370 DEBUG  ShapeSearchTree45Degree.completeShape: non-IntOctagon contained shape, using bounding octagon approximation
2026-09-09 11:09:56.700 DEBUG  ShapeSearchTree45Degree.completeShape: non-IntOctagon contained shape, using bounding octagon approximation
2026-09-09 11:09:56.700 DEBUG  ShapeSearchTree45Degree.completeShape: non-IntOctagon contained shape, using bounding octagon approximation
2026-09-09 11:09:56.700 DEBUG  ShapeSearchTree45Degree.completeShape: non-IntOctagon contained shape, using bounding octagon approximation
2026-09-09 11:09:56.810 DEBUG  ShapeSearchTree45Degree.completeShape: non-IntOctagon contained shape, using bounding octagon approximation
2026-09-09 11:09:57.557 DEBUG  ShapeSearchTree45Degree.completeShape: non-IntOctagon contained shape, using bounding octagon approximation
2026-09-09 11:09:57.557 DEBUG  ShapeSearchTree45Degree.completeShape: non-IntOctagon contained shape, using bounding octagon approximation
2026-09-09 11:09:57.557 DEBUG  ShapeSearchTree45Degree.completeShape: non-IntOctagon contained shape, using bounding octagon approximation
2026-09-09 11:09:57.618 DEBUG  FoundConnectionInserter: insert trace failed for net #4 at corner 14/14 on layer 1, trace width: 3500, from corner: 6, okPoint: (1936574,-1002900), target: (1840800,-985700)
2026-09-09 11:09:57.628 DEBUG  [16342E\E292CD] Autorouter Failed to route connection between pin #1 of component #2 and pin #1 of component #8, because the new connection could not be inserted.
2026-09-09 11:09:57.659 DEBUG  ShapeSearchTree45Degree.completeShape: non-IntOctagon contained shape, using bounding octagon approximation
2026-09-09 11:09:57.659 DEBUG  ShapeSearchTree45Degree.completeShape: non-IntOctagon contained shape, using bounding octagon approximation
2026-09-09 11:09:57.659 DEBUG  ShapeSearchTree45Degree.completeShape: non-IntOctagon contained shape, using bounding octagon approximation
2026-09-09 11:09:57.732 DEBUG  ShapeSearchTree45Degree.completeShape: non-IntOctagon contained shape, using bounding octagon approximation
2026-09-09 11:09:57.732 DEBUG  ShapeSearchTree45Degree.completeShape: non-IntOctagon contained shape, using bounding octagon approximation
2026-09-09 11:09:57.732 DEBUG  ShapeSearchTree45Degree.completeShape: non-IntOctagon contained shape, using bounding octagon approximation
2026-09-09 11:09:58.160 DEBUG  ShapeSearchTree45Degree.completeShape: non-IntOctagon contained shape, using bounding octagon approximation
2026-09-09 11:09:58.160 DEBUG  ShapeSearchTree45Degree.completeShape: non-IntOctagon contained shape, using bounding octagon approximation
2026-09-09 11:09:58.160 DEBUG  ShapeSearchTree45Degree.completeShape: non-IntOctagon contained shape, using bounding octagon approximation
2026-09-09 11:09:58.346 INFO   [16342E\E292CD] Auto-routing pass #1 on board 'be0bc051784084b4a4542504598f72d0' was completed in 5.46 seconds with score 877.19 (7 unrouted and 0 violations), using 2.72 CPU seconds and the job allocated 7.06 GB of memory so far.
2026-09-09 11:09:58.424 DEBUG  Queuing item for routing: PolylineTrace on net 'GND' (connected: 36/58)
2026-09-09 11:09:58.424 DEBUG  Queuing item for routing: PolylineTrace on net 'GND' (connected: 14/58)
2026-09-09 11:09:58.424 DEBUG  Queuing item for routing: Pin on net 'Net-(D1-A)' (connected: 3/4)
2026-09-09 11:09:58.424 DEBUG  Queuing item for routing: Pin on net '+5V' (connected: 16/24)
2026-09-09 11:09:58.424 DEBUG  Queuing item for routing: Pin on net 'Analog_out' (connected: 3/4)
2026-09-09 11:09:58.424 DEBUG  Queuing item for routing: Pin on net 'Net-(A2-D3_INT1)' (connected: 3/4)
2026-09-09 11:09:58.424 DEBUG  Queuing item for routing: Pin on net 'Analog_out' (connected: 1/4)
2026-09-09 11:09:58.424 DEBUG  Queuing item for routing: Pin on net 'Net-(Q1-B)' (connected: 1/2)
2026-09-09 11:09:58.424 DEBUG  Queuing item for routing: Pin on net 'Net-(D1-A)' (connected: 1/4)
2026-09-09 11:09:58.424 DEBUG  Queuing item for routing: Pin on net 'Net-(Q1-B)' (connected: 1/2)
2026-09-09 11:09:58.424 DEBUG  Queuing item for routing: Pin on net '+5V' (connected: 8/24)
2026-09-09 11:09:58.424 DEBUG  Queuing item for routing: Pin on net 'Net-(A2-D3_INT1)' (connected: 1/4)
2026-09-09 11:09:58.424 DEBUG  Queuing item for routing: Pin on net 'GND' (connected: 8/58)
2026-09-09 11:09:58.446 DEBUG  [16342E\E292CD] Pass #2: 7 incompletes across 13 items to route
2026-09-09 11:09:58.446 DEBUG  [16342E\E292CD]   Net 'GND' has 2 incomplete(s)
2026-09-09 11:09:58.446 DEBUG  [16342E\E292CD]   Net 'Net-(A2-D3_INT1)' has 1 incomplete(s)
2026-09-09 11:09:58.446 DEBUG  [16342E\E292CD]   Net '+5V' has 1 incomplete(s)
2026-09-09 11:09:58.446 DEBUG  [16342E\E292CD]   Net 'Net-(Q1-B)' has 1 incomplete(s)
2026-09-09 11:09:58.446 DEBUG  [16342E\E292CD]   Net 'Net-(D1-A)' has 1 incomplete(s)
2026-09-09 11:09:58.446 DEBUG  [16342E\E292CD]   Net 'Analog_out' has 1 incomplete(s)
2026-09-09 11:09:58.455 DEBUG  ShapeSearchTree45Degree.completeShape: non-IntOctagon contained shape, using bounding octagon approximation
2026-09-09 11:09:58.600 DEBUG  ShapeSearchTree45Degree.completeShape: non-IntOctagon contained shape, using bounding octagon approximation
2026-09-09 11:09:58.600 DEBUG  ShapeSearchTree45Degree.completeShape: non-IntOctagon contained shape, using bounding octagon approximation
2026-09-09 11:09:59.275 DEBUG  FoundConnectionInserter: insert trace failed for net #56 at corner 72/72 on layer 1, trace width: 3500, from corner: 42, okPoint: (1343889,-789655), target: (1520000,-890000)
2026-09-09 11:09:59.286 DEBUG  [16342E\E292CD] Autorouter Failed to route connection between pin of component #14 and pin #1 of component #17, because the new connection could not be inserted.
2026-09-09 11:09:59.684 DEBUG  ShapeSearchTree45Degree.completeShape: non-IntOctagon contained shape, using bounding octagon approximation
2026-09-09 11:09:59.684 DEBUG  ShapeSearchTree45Degree.completeShape: non-IntOctagon contained shape, using bounding octagon approximation
2026-09-09 11:09:59.684 DEBUG  ShapeSearchTree45Degree.completeShape: non-IntOctagon contained shape, using bounding octagon approximation
2026-09-09 11:09:59.905 INFO   [16342E\E292CD] Auto-routing pass #2 on board '1d69ad0041e259cb44183688a23ef9f6' was completed in 1.48 seconds with score 929.82 (4 unrouted and 0 violations), using 4.03 CPU seconds and the job allocated 12.30 GB of memory so far.
2026-09-09 11:09:59.956 DEBUG  Queuing item for routing: PolylineTrace on net 'GND' (connected: 31/59)
2026-09-09 11:09:59.956 DEBUG  Queuing item for routing: PolylineTrace on net 'GND' (connected: 14/59)
2026-09-09 11:09:59.956 DEBUG  Queuing item for routing: Pin on net 'GND' (connected: 14/59)
2026-09-09 11:09:59.956 DEBUG  Queuing item for routing: Pin on net 'Analog_out' (connected: 3/4)
2026-09-09 11:09:59.956 DEBUG  Queuing item for routing: Pin on net 'Analog_out' (connected: 1/4)
2026-09-09 11:09:59.964 DEBUG  Queuing item for routing: Pin on net 'Dir' (connected: 1/2)
2026-09-09 11:09:59.966 DEBUG  Queuing item for routing: Pin on net 'Dir' (connected: 1/2)
2026-09-09 11:09:59.991 DEBUG  [16342E\E292CD] Pass #3: 4 incompletes across 7 items to route
2026-09-09 11:09:59.992 DEBUG  [16342E\E292CD]   Net 'GND' has 2 incomplete(s)
2026-09-09 11:09:59.992 DEBUG  [16342E\E292CD]   Net 'Dir' has 1 incomplete(s)
2026-09-09 11:09:59.992 DEBUG  [16342E\E292CD]   Net 'Analog_out' has 1 incomplete(s)
2026-09-09 11:09:59.998 DEBUG  ShapeSearchTree45Degree.completeShape: non-IntOctagon contained shape, using bounding octagon approximation
2026-09-09 11:10:00.250 DEBUG  ShapeSearchTree45Degree.completeShape: non-IntOctagon contained shape, using bounding octagon approximation
2026-09-09 11:10:00.250 DEBUG  ShapeSearchTree45Degree.completeShape: non-IntOctagon contained shape, using bounding octagon approximation
2026-09-09 11:10:01.038 INFO   [16342E\E292CD] Auto-routing pass #3 on board 'c9ac4982124e00e2f7c83ff92dd8bc74' was completed in 1.08 seconds with score 929.82 (4 unrouted and 0 violations), using 4.69 CPU seconds and the job allocated 14.92 GB of memory so far.
2026-09-09 11:10:01.093 DEBUG  Queuing item for routing: PolylineTrace on net 'GND' (connected: 32/61)
2026-09-09 11:10:01.093 DEBUG  Queuing item for routing: PolylineTrace on net 'GND' (connected: 20/61)
2026-09-09 11:10:01.093 DEBUG  Queuing item for routing: Pin on net 'Net-(A2-D3_INT1)' (connected: 3/4)
2026-09-09 11:10:01.093 DEBUG  Queuing item for routing: Pin on net 'Net-(Q1-B)' (connected: 1/2)
2026-09-09 11:10:01.093 DEBUG  Queuing item for routing: Pin on net 'Net-(Q1-B)' (connected: 1/2)
2026-09-09 11:10:01.093 DEBUG  Queuing item for routing: Pin on net 'Net-(A2-D3_INT1)' (connected: 1/4)
2026-09-09 11:10:01.093 DEBUG  Queuing item for routing: Pin on net 'GND' (connected: 9/61)
2026-09-09 11:10:01.133 DEBUG  [16342E\E292CD] Pass #4: 4 incompletes across 7 items to route
2026-09-09 11:10:01.133 DEBUG  [16342E\E292CD]   Net 'GND' has 2 incomplete(s)
2026-09-09 11:10:01.133 DEBUG  [16342E\E292CD]   Net 'Net-(A2-D3_INT1)' has 1 incomplete(s)
2026-09-09 11:10:01.133 DEBUG  [16342E\E292CD]   Net 'Net-(Q1-B)' has 1 incomplete(s)
2026-09-09 11:10:01.154 DEBUG  ShapeSearchTree45Degree.completeShape: non-IntOctagon contained shape, using bounding octagon approximation
2026-09-09 11:10:01.984 INFO   [16342E\E292CD] Auto-routing pass #4 on board 'd860ef94756a4deaed630861fc7c2e8c' was completed in 0.89 seconds with score 947.36 (3 unrouted and 0 violations), using 5.52 CPU seconds and the job allocated 17.93 GB of memory so far.
2026-09-09 11:10:02.054 DEBUG  Queuing item for routing: Pin on net '+5V' (connected: 9/24)
2026-09-09 11:10:02.054 DEBUG  Queuing item for routing: Pin on net 'Net-(U1A-+)' (connected: 4/5)
2026-09-09 11:10:02.054 DEBUG  Queuing item for routing: Pin on net 'Net-(U1A-+)' (connected: 1/5)
2026-09-09 11:10:02.057 DEBUG  Queuing item for routing: Pin on net '+5V' (connected: 15/24)
2026-09-09 11:10:02.057 DEBUG  Queuing item for routing: Pin on net 'Dir' (connected: 1/2)
2026-09-09 11:10:02.057 DEBUG  Queuing item for routing: Pin on net 'Dir' (connected: 1/2)
2026-09-09 11:10:02.085 DEBUG  [16342E\E292CD] Pass #5: 3 incompletes across 6 items to route
2026-09-09 11:10:02.086 DEBUG  [16342E\E292CD]   Net 'Dir' has 1 incomplete(s)
2026-09-09 11:10:02.086 DEBUG  [16342E\E292CD]   Net '+5V' has 1 incomplete(s)
2026-09-09 11:10:02.086 DEBUG  [16342E\E292CD]   Net 'Net-(U1A-+)' has 1 incomplete(s)
2026-09-09 11:10:02.433 INFO   [16342E\E292CD] Auto-routing pass #5 on board 'd5d6720080bc2d93a9bb1bd43f54c2cc' was completed in 0.38 seconds with score 964.90 (2 unrouted and 0 violations), using 5.52 CPU seconds and the job allocated 17.93 GB of memory so far.
2026-09-09 11:10:02.484 DEBUG  Queuing item for routing: PolylineTrace on net 'GND' (connected: 52/61)
2026-09-09 11:10:02.494 DEBUG  Queuing item for routing: Pin on net 'Net-(A2-D3_INT1)' (connected: 3/4)
2026-09-09 11:10:02.494 DEBUG  Queuing item for routing: Pin on net 'Net-(A2-D3_INT1)' (connected: 1/4)
2026-09-09 11:10:02.494 DEBUG  Queuing item for routing: Pin on net 'GND' (connected: 9/61)
2026-09-09 11:10:02.505 DEBUG  [16342E\E292CD] Pass #6: 2 incompletes across 4 items to route
2026-09-09 11:10:02.505 DEBUG  [16342E\E292CD]   Net 'GND' has 1 incomplete(s)
2026-09-09 11:10:02.505 DEBUG  [16342E\E292CD]   Net 'Net-(A2-D3_INT1)' has 1 incomplete(s)
2026-09-09 11:10:02.716 DEBUG  ShapeSearchTree45Degree.completeShape: non-IntOctagon contained shape, using bounding octagon approximation
2026-09-09 11:10:02.716 DEBUG  ShapeSearchTree45Degree.completeShape: non-IntOctagon contained shape, using bounding octagon approximation
2026-09-09 11:10:02.716 DEBUG  ShapeSearchTree45Degree.completeShape: non-IntOctagon contained shape, using bounding octagon approximation
2026-09-09 11:10:02.988 INFO   [16342E\E292CD] Auto-routing pass #6 on board '77974df77c9fe4ae4c82d61273275412' was completed in 0.50 seconds with score 999.99 (0 unrouted and 0 violations), using 6.38 CPU seconds and the job allocated 21.54 GB of memory so far.
2026-09-09 11:10:03.057 INFO   [16342E\E292CD] Auto-routing pass #7 on board '1aef3941f27935f66888d790d812bc12' was completed in 0.02 seconds with score 999.99 (0 unrouted and 0 violations), using 6.38 CPU seconds and the job allocated 21.54 GB of memory so far.
2026-09-09 11:10:03.080 DEBUG  === Performance Profile ===
2026-09-09 11:10:03.080 DEBUG  === Routing Parameters ===
2026-09-09 11:10:03.080 DEBUG    Via Costs: 50, Plane Via Costs: 5
2026-09-09 11:10:03.080 DEBUG    Layer Costs (Preferred / Against):
2026-09-09 11:10:03.080 DEBUG      Layer 1: 1.0 / 2.9
2026-09-09 11:10:03.080 DEBUG      Layer 2: 1.0 / 1.5
2026-09-09 11:10:03.080 DEBUG  
2026-09-09 11:10:03.080 DEBUG    autoroute_item                          :     6871 ms total,      112 calls,     61 ms avg
2026-09-09 11:10:03.080 DEBUG  
2026-09-09 11:10:03.080 DEBUG  === Pass History ===
2026-09-09 11:10:03.080 DEBUG    Pass 1  :    7 unrouted items,     5.45 s,   100 ripup cost
2026-09-09 11:10:03.080 DEBUG    Pass 2  :    4 unrouted items,     1.46 s,   200 ripup cost
2026-09-09 11:10:03.080 DEBUG    Pass 3  :    4 unrouted items,     1.07 s,   300 ripup cost
2026-09-09 11:10:03.080 DEBUG    Pass 4  :    3 unrouted items,     0.87 s,   400 ripup cost
2026-09-09 11:10:03.080 DEBUG    Pass 5  :    2 unrouted items,     0.37 s,   500 ripup cost
2026-09-09 11:10:03.080 DEBUG    Pass 6  :    0 unrouted items,     0.49 s,   600 ripup cost
2026-09-09 11:10:03.080 DEBUG  ===========================
2026-09-09 11:10:03.100 INFO   [16342E\E292CD] Auto-routing stage completed: started with 52 unrouted nets, completed in 10.32 seconds, final score: 999.99 (0 unrouted and 0 violations), using 6.38 total CPU seconds, 21.54 GB total allocated, and 201.3 MB peak heap usage.
2026-09-09 11:10:03.111 DEBUG  [16342E\E292CD] Before optimization: Via count: 0, trace length: 12754262
2026-09-09 11:10:03.121 INFO   [16342E\E292CD] Optimization stage started on board '1aef3941f27935f66888d790d812bc12' with score 999.99 (0 unrouted and 0 violations).
2026-09-09 11:10:03.155 INFO   [16342E\E292CD] Stopping optimizer because the current board score (999.99) is already close to the maximum score (1000). Remaining potential improvement is less than the threshold (1.00%).
2026-09-09 11:10:03.173 INFO   [16342E\E292CD] Optimization stage completed: started with score 999.99 (0 unrouted and 0 violations), completed in 0.04 seconds, final score: 999.99 (0 unrouted and 0 violations), using 0.02 total CPU seconds, 0.08 GB total allocated, and 287.4 MB peak heap usage.
2026-09-09 11:10:03.179 INFO   [16342E\E292CD] Job '16342E\E292CD' finished with state: COMPLETED (elapsed: 10.46 seconds, finished at UTC: 2026-09-09T14:10:03.179355500Z).
2026-09-09 11:10:03.638 INFO   Saving output file 'C:\Users\juanc\OneDrive\Desktop\Work\Proyectos\placa lancha\redisenio\bottom.ses' (SES)...
2026-09-09 11:10:03.638 INFO   Successfully saved output file 'C:\Users\juanc\OneDrive\Desktop\Work\Proyectos\placa lancha\redisenio\bottom.ses' (27133 bytes).
2026-09-09 11:11:11.468 INFO   Freerouting v2.4.1 (build-date: 2026-09-03)
2026-09-09 11:11:11.470 DEBUG  [startup] user-data path : C:\Users\juanc\OneDrive\Desktop\Work\Proyectos\placa lancha\redisenio\config  (source: CLI argument --user_data_path)
2026-09-09 11:11:11.470 DEBUG  [startup] log file       : C:\Users\juanc\OneDrive\Desktop\Work\Proyectos\placa lancha\redisenio\config\freerouting.log
2026-09-09 11:11:11.503 DEBUG  Settings loaded from 'C:\Users\juanc\OneDrive\Desktop\Work\Proyectos\placa lancha\redisenio\config\freerouting.json'.
2026-09-09 11:11:11.518 DEBUG  Version: 2.4.1,2026-09-03
2026-09-09 11:11:11.518 DEBUG  Command line arguments: '-de C:\Users\juanc\OneDrive\Desktop\Work\Proyectos\placa lancha\redisenio\inicio.dsn -do C:\Users\juanc\OneDrive\Desktop\Work\Proyectos\placa lancha\redisenio\bottom.ses --gui.enabled=false --api_server.enabled=false --mcp_server.enabled=false --router.layers.routable=false,true -mp 40 -mt 1 -da --user_data_path=C:\Users\juanc\OneDrive\Desktop\Work\Proyectos\placa lancha\redisenio\config'
2026-09-09 11:11:11.518 DEBUG  Architecture: Windows 11,amd64,10.0
2026-09-09 11:11:11.519 DEBUG  Java: 25.0.4.1,Eclipse Adoptium
2026-09-09 11:11:11.519 DEBUG  System Language: en,en_GB
2026-09-09 11:11:11.520 DEBUG  Hardware: 8 CPU cores, 287000 CPU score, 3972 MB RAM
2026-09-09 11:11:11.520 DEBUG  UTC Time: 2026-09-09T14:11:11.503442900Z
2026-09-09 11:11:11.522 DEBUG  GUI Language: en_GB
2026-09-09 11:11:11.522 DEBUG  Host: N/A
2026-09-09 11:11:11.525 DEBUG  Analytics are disabled
2026-09-09 11:11:12.629 DEBUG  Loaded router settings from: C:\Users\juanc\OneDrive\Desktop\Work\Proyectos\placa lancha\redisenio\config\freerouting.json
2026-09-09 11:11:12.629 DEBUG  Applied CLI router setting: router.layers.routable = false,true
2026-09-09 11:11:12.630 DEBUG  Applied CLI router setting: router.max_passes = 40
2026-09-09 11:11:12.630 DEBUG  Applied CLI router setting: router.max_threads = 1
2026-09-09 11:11:12.630 DEBUG  Applied CLI router setting: router.enabled = true (implicit from -de/-do batch mode)
2026-09-09 11:11:12.630 DEBUG  No router settings found in environment variables
2026-09-09 11:11:12.667 DEBUG  Set DEFAULT clearance (all layers): 2000 (0.05 mm) from DSN value 200.0
2026-09-09 11:11:12.670 DEBUG  Set clearance (all layers): smd_smd = 500 (0.0125 mm), classes [2,2]
2026-09-09 11:11:12.672 DEBUG  Set default trace width (all layers): DSN=700.0 → board=7000 (0.175 mm)
2026-09-09 11:11:12.682 DEBUG  Loaded router settings from DSN file: inicio.dsn (2 layers)
2026-09-09 11:11:12.693 DEBUG  Set DEFAULT clearance (all layers): 2000 (0.05 mm) from DSN value 200.0
2026-09-09 11:11:12.693 DEBUG  Set clearance (all layers): smd_smd = 500 (0.0125 mm), classes [2,2]
2026-09-09 11:11:12.693 DEBUG  Set default trace width (all layers): DSN=700.0 → board=7000 (0.175 mm)
2026-09-09 11:11:12.694 DEBUG  Loaded router settings from DSN file: inicio.dsn (2 layers)
2026-09-09 11:11:12.695 DEBUG  Merging settings from 5 sources:
2026-09-09 11:11:12.696 DEBUG    - Default Settings (priority 0): base settings
2026-09-09 11:11:12.697 DEBUG    - freerouting.json (priority 10): 0 fields changed
2026-09-09 11:11:12.697 DEBUG    - DSN file: inicio.dsn (priority 20): 4 fields changed
2026-09-09 11:11:12.697 DEBUG    - Environment Variables (priority 55): 0 fields changed
2026-09-09 11:11:12.697 DEBUG    - CLI Arguments (priority 60): 4 fields changed
2026-09-09 11:11:12.697 DEBUG  Settings merged successfully from 5 source(s)
2026-09-09 11:11:12.938 INFO   [2B79E8\6EA668] Loading board file 'inicio.dsn'...
2026-09-09 11:11:12.946 DEBUG  Set DEFAULT clearance (all layers): 2000 (0.05 mm) from DSN value 200.0
2026-09-09 11:11:12.948 DEBUG  Set clearance (all layers): smd_smd = 500 (0.0125 mm), classes [2,2]
2026-09-09 11:11:12.948 DEBUG  Set default trace width (all layers): DSN=700.0 → board=7000 (0.175 mm)
2026-09-09 11:11:13.041 DEBUG  applyBoardSpecificOptimizations changed parameters:
  Layer 0: bendCost: null -> 0.0; preferredDirectionHorizontal: null -> true; undesiredDirectionTraceCost: 1.0 -> 2.9000000000000004;
  Layer 1: bendCost: null -> 0.0; preferredDirectionHorizontal: null -> false; undesiredDirectionTraceCost: 1.0 -> 1.5;
2026-09-09 11:11:13.043 DEBUG  Applied copper-to-edge clearance override: 500.0 um (5000 board units).
2026-09-09 11:11:13.049 DEBUG  Set DEFAULT clearance (all layers): 2000 (0.05 mm) from DSN value 200.0
2026-09-09 11:11:13.050 DEBUG  Set clearance (all layers): smd_smd = 500 (0.0125 mm), classes [2,2]
2026-09-09 11:11:13.050 DEBUG  Set default trace width (all layers): DSN=700.0 → board=7000 (0.175 mm)
2026-09-09 11:11:13.050 DEBUG  Loaded router settings from DSN file: inicio.dsn (2 layers)
2026-09-09 11:11:13.051 DEBUG  Merging settings from 6 sources:
2026-09-09 11:11:13.052 DEBUG    - Default Settings (priority 0): base settings
2026-09-09 11:11:13.052 DEBUG    - freerouting.json (priority 10): 0 fields changed
2026-09-09 11:11:13.052 DEBUG    - DSN file: inicio.dsn (priority 20): 4 fields changed
2026-09-09 11:11:13.052 DEBUG    - Environment Variables (priority 55): 0 fields changed
2026-09-09 11:11:13.052 DEBUG    - CLI Arguments (priority 60): 4 fields changed
2026-09-09 11:11:13.052 DEBUG    - API Settings (priority 70): 24 fields changed
2026-09-09 11:11:13.053 DEBUG  Settings merged successfully from 6 source(s)
2026-09-09 11:11:13.053 DEBUG  applyBoardSpecificOptimizations changed parameters:
  Layer 0: undesiredDirectionTraceCost: 1.0 -> 2.9000000000000004;
  Layer 1: undesiredDirectionTraceCost: 1.0 -> 1.5;
2026-09-09 11:11:13.054 INFO   [2B79E8\6EA668] Job '2B79E8\6EA668' started at 2026-09-09T14:11:13.054059Z.
2026-09-09 11:11:13.148 DEBUG  [2B79E8\6EA668] Checking fanout pre-pass. settings.fanout.enabled=true, smdPins=0
2026-09-09 11:11:13.148 INFO   [2B79E8\6EA668] Fanout stage is enabled but skipped because the board has no SMD pins.
2026-09-09 11:11:13.164 INFO   [2B79E8\6EA668] Auto-routing stage started on board 'bd3d267c52baf97c86bc52076ab67dcf' for 52 unrouted items.
2026-09-09 11:11:13.224 DEBUG  Queuing item for routing: PolylineTrace on net 'Net-(J7-Pin_2)' (connected: 5/6)
2026-09-09 11:11:13.224 DEBUG  Queuing item for routing: PolylineTrace on net 'GND' (connected: 4/32)
2026-09-09 11:11:13.224 DEBUG  Queuing item for routing: PolylineTrace on net '+9V' (connected: 4/7)
2026-09-09 11:11:13.225 DEBUG  Queuing item for routing: PolylineTrace on net 'GND' (connected: 13/32)
2026-09-09 11:11:13.225 DEBUG  Queuing item for routing: PolylineTrace on net 'S-BUS' (connected: 9/10)
2026-09-09 11:11:13.225 DEBUG  Queuing item for routing: Pin on net '/Power_on_motor' (connected: 1/2)
2026-09-09 11:11:13.225 DEBUG  Queuing item for routing: Pin on net '/Power_on_relay' (connected: 1/2)
2026-09-09 11:11:13.225 DEBUG  Queuing item for routing: Pin on net 'Net-(D1-A)' (connected: 1/3)
2026-09-09 11:11:13.225 DEBUG  Queuing item for routing: Pin on net '+5V' (connected: 1/10)
2026-09-09 11:11:13.225 DEBUG  Queuing item for routing: Pin on net 'Net-(U1A-+)' (connected: 1/3)
2026-09-09 11:11:13.226 DEBUG  Queuing item for routing: Pin on net '+5V' (connected: 1/10)
2026-09-09 11:11:13.226 DEBUG  Queuing item for routing: Pin on net 'GND' (connected: 1/32)
2026-09-09 11:11:13.226 DEBUG  Queuing item for routing: Pin on net 'Net-(U1A-+)' (connected: 1/3)
2026-09-09 11:11:13.226 DEBUG  Queuing item for routing: Pin on net 'Analog_out' (connected: 1/3)
2026-09-09 11:11:13.226 DEBUG  Queuing item for routing: Pin on net 'Analog_out' (connected: 1/3)
2026-09-09 11:11:13.226 DEBUG  Queuing item for routing: Pin on net 'Net-(Q2-B)' (connected: 1/2)
2026-09-09 11:11:13.226 DEBUG  Queuing item for routing: Pin on net 'Net-(A2-D3_INT1)' (connected: 1/3)
2026-09-09 11:11:13.226 DEBUG  Queuing item for routing: Pin on net 'Net-(A2-D3_INT1)' (connected: 1/3)
2026-09-09 11:11:13.226 DEBUG  Queuing item for routing: Pin on net '+5V' (connected: 1/10)
2026-09-09 11:11:13.226 DEBUG  Queuing item for routing: Pin on net 'Net-(D1-A)' (connected: 1/3)
2026-09-09 11:11:13.226 DEBUG  Queuing item for routing: Pin on net '+5V' (connected: 1/10)
2026-09-09 11:11:13.226 DEBUG  Queuing item for routing: Pin on net '/Power_on_relay' (connected: 1/2)
2026-09-09 11:11:13.226 DEBUG  Queuing item for routing: Pin on net 'Net-(J1-Pin_3)' (connected: 1/2)
2026-09-09 11:11:13.226 DEBUG  Queuing item for routing: Pin on net 'GND' (connected: 1/32)
2026-09-09 11:11:13.226 DEBUG  Queuing item for routing: Pin on net 'GND' (connected: 1/32)
2026-09-09 11:11:13.227 DEBUG  Queuing item for routing: Pin on net '/V_Ctrl' (connected: 1/2)
2026-09-09 11:11:13.227 DEBUG  Queuing item for routing: Pin on net 'Analog_out' (connected: 1/3)
2026-09-09 11:11:13.227 DEBUG  Queuing item for routing: Pin on net 'Net-(J1-Pin_3)' (connected: 1/2)
2026-09-09 11:11:13.227 DEBUG  Queuing item for routing: Pin on net '/Power_on_motor' (connected: 1/2)
2026-09-09 11:11:13.227 DEBUG  Queuing item for routing: Pin on net '/Seguridad' (connected: 1/2)
2026-09-09 11:11:13.227 DEBUG  Queuing item for routing: Pin on net 'GND' (connected: 1/32)
2026-09-09 11:11:13.227 DEBUG  Queuing item for routing: Pin on net '+5V' (connected: 1/10)
2026-09-09 11:11:13.227 DEBUG  Queuing item for routing: Pin on net 'GND' (connected: 1/32)
2026-09-09 11:11:13.227 DEBUG  Queuing item for routing: Pin on net 'Net-(U1A-+)' (connected: 1/3)
2026-09-09 11:11:13.227 DEBUG  Queuing item for routing: Pin on net 'GND' (connected: 1/32)
2026-09-09 11:11:13.227 DEBUG  Queuing item for routing: Pin on net 'Net-(Q1-B)' (connected: 1/2)
2026-09-09 11:11:13.227 DEBUG  Queuing item for routing: Pin on net 'Net-(D1-A)' (connected: 1/3)
2026-09-09 11:11:13.227 DEBUG  Queuing item for routing: Pin on net 'GND' (connected: 1/32)
2026-09-09 11:11:13.227 DEBUG  Queuing item for routing: Pin on net '+9V' (connected: 1/7)
2026-09-09 11:11:13.227 DEBUG  Queuing item for routing: Pin on net '+5V' (connected: 1/10)
2026-09-09 11:11:13.227 DEBUG  Queuing item for routing: Pin on net 'Net-(Q1-B)' (connected: 1/2)
2026-09-09 11:11:13.228 DEBUG  Queuing item for routing: Pin on net 'Net-(J6-Pin_6)' (connected: 1/2)
2026-09-09 11:11:13.228 DEBUG  Queuing item for routing: Pin on net '+5V' (connected: 1/10)
2026-09-09 11:11:13.228 DEBUG  Queuing item for routing: Pin on net 'Net-(J6-Pin_4)' (connected: 1/2)
2026-09-09 11:11:13.228 DEBUG  Queuing item for routing: Pin on net '+5V' (connected: 1/10)
2026-09-09 11:11:13.228 DEBUG  Queuing item for routing: Pin on net 'Net-(J6-Pin_2)' (connected: 1/2)
2026-09-09 11:11:13.228 DEBUG  Queuing item for routing: Pin on net '+5V' (connected: 1/10)
2026-09-09 11:11:13.228 DEBUG  Queuing item for routing: Pin on net 'GND' (connected: 1/32)
2026-09-09 11:11:13.228 DEBUG  Queuing item for routing: Pin on net '+9V' (connected: 1/7)
2026-09-09 11:11:13.228 DEBUG  Queuing item for routing: Pin on net 'GND' (connected: 1/32)
2026-09-09 11:11:13.228 DEBUG  Queuing item for routing: Pin on net '/Seguridad' (connected: 1/2)
2026-09-09 11:11:13.228 DEBUG  Queuing item for routing: Pin on net 'GND' (connected: 1/32)
2026-09-09 11:11:13.228 DEBUG  Queuing item for routing: Pin on net '+5V' (connected: 1/10)
2026-09-09 11:11:13.228 DEBUG  Queuing item for routing: Pin on net '+9V' (connected: 1/7)
2026-09-09 11:11:13.228 DEBUG  Queuing item for routing: Pin on net 'GND' (connected: 1/32)
2026-09-09 11:11:13.229 DEBUG  Queuing item for routing: Pin on net 'Dir' (connected: 1/2)
2026-09-09 11:11:13.229 DEBUG  Queuing item for routing: Pin on net 'Net-(A2-D3_INT1)' (connected: 1/3)
2026-09-09 11:11:13.229 DEBUG  Queuing item for routing: Pin on net 'Net-(J7-Pin_2)' (connected: 1/6)
2026-09-09 11:11:13.230 DEBUG  Queuing item for routing: Pin on net 'GND' (connected: 1/32)
2026-09-09 11:11:13.230 DEBUG  Queuing item for routing: Pin on net 'Net-(Q3-B)' (connected: 1/2)
2026-09-09 11:11:13.230 DEBUG  Queuing item for routing: Pin on net 'Net-(J6-Pin_2)' (connected: 1/2)
2026-09-09 11:11:13.230 DEBUG  Queuing item for routing: Pin on net 'GND' (connected: 1/32)
2026-09-09 11:11:13.230 DEBUG  Queuing item for routing: Pin on net 'Net-(Q5-B)' (connected: 1/2)
2026-09-09 11:11:13.230 DEBUG  Queuing item for routing: Pin on net 'Net-(J6-Pin_6)' (connected: 1/2)
2026-09-09 11:11:13.230 DEBUG  Queuing item for routing: Pin on net 'GND' (connected: 1/32)
2026-09-09 11:11:13.230 DEBUG  Queuing item for routing: Pin on net 'Net-(Q4-B)' (connected: 1/2)
2026-09-09 11:11:13.230 DEBUG  Queuing item for routing: Pin on net 'Net-(J6-Pin_4)' (connected: 1/2)
2026-09-09 11:11:13.230 DEBUG  Queuing item for routing: Pin on net 'Net-(Q4-B)' (connected: 1/2)
2026-09-09 11:11:13.231 DEBUG  Queuing item for routing: Pin on net 'Dir' (connected: 1/2)
2026-09-09 11:11:13.231 DEBUG  Queuing item for routing: Pin on net 'Net-(Q5-B)' (connected: 1/2)
2026-09-09 11:11:13.231 DEBUG  Queuing item for routing: Pin on net 'Net-(Q2-B)' (connected: 1/2)
2026-09-09 11:11:13.231 DEBUG  Queuing item for routing: Pin on net '/V_Ctrl' (connected: 1/2)
2026-09-09 11:11:13.231 DEBUG  Queuing item for routing: Pin on net 'Net-(Q3-B)' (connected: 1/2)
2026-09-09 11:11:13.231 DEBUG  Queuing item for routing: Pin on net 'GND' (connected: 1/32)
2026-09-09 11:11:13.231 DEBUG  Queuing item for routing: Pin on net 'S-BUS' (connected: 1/10)
2026-09-09 11:11:13.248 DEBUG  [2B79E8\6EA668] Pass #1: 52 incompletes across 75 items to route
2026-09-09 11:11:13.248 DEBUG  [2B79E8\6EA668]   Net 'S-BUS' has 1 incomplete(s)
2026-09-09 11:11:13.248 DEBUG  [2B79E8\6EA668]   Net 'GND' has 16 incomplete(s)
2026-09-09 11:11:13.248 DEBUG  [2B79E8\6EA668]   Net 'Net-(Q3-B)' has 1 incomplete(s)
2026-09-09 11:11:13.248 DEBUG  [2B79E8\6EA668]   Net 'Net-(J6-Pin_4)' has 1 incomplete(s)
2026-09-09 11:11:13.248 DEBUG  [2B79E8\6EA668]   Net 'Net-(Q4-B)' has 1 incomplete(s)
2026-09-09 11:11:13.248 DEBUG  [2B79E8\6EA668]   Net 'Net-(J7-Pin_2)' has 1 incomplete(s)
2026-09-09 11:11:13.248 DEBUG  [2B79E8\6EA668]   Net 'Net-(A2-D3_INT1)' has 2 incomplete(s)
2026-09-09 11:11:13.248 DEBUG  [2B79E8\6EA668]   Net 'Dir' has 1 incomplete(s)
2026-09-09 11:11:13.248 DEBUG  [2B79E8\6EA668]   Net '+9V' has 3 incomplete(s)
2026-09-09 11:11:13.248 DEBUG  [2B79E8\6EA668]   Net '+5V' has 9 incomplete(s)
2026-09-09 11:11:13.248 DEBUG  [2B79E8\6EA668]   Net '/Seguridad' has 1 incomplete(s)
2026-09-09 11:11:13.248 DEBUG  [2B79E8\6EA668]   Net 'Net-(J6-Pin_2)' has 1 incomplete(s)
2026-09-09 11:11:13.248 DEBUG  [2B79E8\6EA668]   Net 'Net-(J6-Pin_6)' has 1 incomplete(s)
2026-09-09 11:11:13.248 DEBUG  [2B79E8\6EA668]   Net 'Net-(Q1-B)' has 1 incomplete(s)
2026-09-09 11:11:13.248 DEBUG  [2B79E8\6EA668]   Net '/V_Ctrl' has 1 incomplete(s)
2026-09-09 11:11:13.248 DEBUG  [2B79E8\6EA668]   Net 'Net-(Q2-B)' has 1 incomplete(s)
2026-09-09 11:11:13.248 DEBUG  [2B79E8\6EA668]   Net 'Net-(Q5-B)' has 1 incomplete(s)
2026-09-09 11:11:13.248 DEBUG  [2B79E8\6EA668]   Net 'Net-(D1-A)' has 2 incomplete(s)
2026-09-09 11:11:13.248 DEBUG  [2B79E8\6EA668]   Net 'Net-(U1A-+)' has 2 incomplete(s)
2026-09-09 11:11:13.248 DEBUG  [2B79E8\6EA668]   Net '/Power_on_motor' has 1 incomplete(s)
2026-09-09 11:11:13.248 DEBUG  [2B79E8\6EA668]   Net 'Net-(J1-Pin_3)' has 1 incomplete(s)
2026-09-09 11:11:13.248 DEBUG  [2B79E8\6EA668]   Net 'Analog_out' has 2 incomplete(s)
2026-09-09 11:11:13.249 DEBUG  [2B79E8\6EA668]   Net '/Power_on_relay' has 1 incomplete(s)
2026-09-09 11:11:13.336 DEBUG  ShapeSearchTree45Degree.completeShape: non-IntOctagon contained shape, using bounding octagon approximation
2026-09-09 11:11:13.340 DEBUG  ShapeSearchTree45Degree.completeShape: non-IntOctagon contained shape, using bounding octagon approximation
2026-09-09 11:11:13.369 DEBUG  ShapeSearchTree45Degree.completeShape: non-IntOctagon contained shape, using bounding octagon approximation
2026-09-09 11:11:13.369 DEBUG  ShapeSearchTree45Degree.completeShape: non-IntOctagon contained shape, using bounding octagon approximation
2026-09-09 11:11:13.597 DEBUG  ShapeSearchTree45Degree.completeShape: non-IntOctagon contained shape, using bounding octagon approximation
2026-09-09 11:11:13.597 DEBUG  ShapeSearchTree45Degree.completeShape: non-IntOctagon contained shape, using bounding octagon approximation
2026-09-09 11:11:13.597 DEBUG  ShapeSearchTree45Degree.completeShape: non-IntOctagon contained shape, using bounding octagon approximation
2026-09-09 11:11:13.598 DEBUG  ShapeSearchTree45Degree.completeShape: non-IntOctagon contained shape, using bounding octagon approximation
2026-09-09 11:11:13.619 DEBUG  No new version available. Current version is up to date: v2.4.1
2026-09-09 11:11:13.885 DEBUG  ShapeSearchTree45Degree.completeShape: non-IntOctagon contained shape, using bounding octagon approximation
2026-09-09 11:11:13.886 DEBUG  ShapeSearchTree45Degree.completeShape: non-IntOctagon contained shape, using bounding octagon approximation
2026-09-09 11:11:13.886 DEBUG  ShapeSearchTree45Degree.completeShape: non-IntOctagon contained shape, using bounding octagon approximation
2026-09-09 11:11:13.886 DEBUG  ShapeSearchTree45Degree.completeShape: non-IntOctagon contained shape, using bounding octagon approximation
2026-09-09 11:11:13.893 DEBUG  ShapeSearchTree45Degree.completeShape: non-IntOctagon contained shape, using bounding octagon approximation
2026-09-09 11:11:13.893 DEBUG  ShapeSearchTree45Degree.completeShape: non-IntOctagon contained shape, using bounding octagon approximation
2026-09-09 11:11:13.893 DEBUG  ShapeSearchTree45Degree.completeShape: non-IntOctagon contained shape, using bounding octagon approximation
2026-09-09 11:11:13.893 DEBUG  ShapeSearchTree45Degree.completeShape: non-IntOctagon contained shape, using bounding octagon approximation
2026-09-09 11:11:14.061 DEBUG  ShapeSearchTree45Degree.completeShape: non-IntOctagon contained shape, using bounding octagon approximation
2026-09-09 11:11:14.061 DEBUG  ShapeSearchTree45Degree.completeShape: non-IntOctagon contained shape, using bounding octagon approximation
2026-09-09 11:11:14.061 DEBUG  ShapeSearchTree45Degree.completeShape: non-IntOctagon contained shape, using bounding octagon approximation
2026-09-09 11:11:14.066 DEBUG  ShapeSearchTree45Degree.completeShape: non-IntOctagon contained shape, using bounding octagon approximation
2026-09-09 11:11:14.310 DEBUG  ShapeSearchTree45Degree.completeShape: non-IntOctagon contained shape, using bounding octagon approximation
2026-09-09 11:11:14.310 DEBUG  ShapeSearchTree45Degree.completeShape: non-IntOctagon contained shape, using bounding octagon approximation
2026-09-09 11:11:14.310 DEBUG  ShapeSearchTree45Degree.completeShape: non-IntOctagon contained shape, using bounding octagon approximation
2026-09-09 11:11:14.310 DEBUG  ShapeSearchTree45Degree.completeShape: non-IntOctagon contained shape, using bounding octagon approximation
2026-09-09 11:11:14.371 DEBUG  ShapeSearchTree45Degree.completeShape: non-IntOctagon contained shape, using bounding octagon approximation
2026-09-09 11:11:14.372 DEBUG  ShapeSearchTree45Degree.completeShape: non-IntOctagon contained shape, using bounding octagon approximation
2026-09-09 11:11:14.372 DEBUG  ShapeSearchTree45Degree.completeShape: non-IntOctagon contained shape, using bounding octagon approximation
2026-09-09 11:11:14.372 DEBUG  ShapeSearchTree45Degree.completeShape: non-IntOctagon contained shape, using bounding octagon approximation
2026-09-09 11:11:14.996 DEBUG  FoundConnectionInserter: insert trace failed for net #56 at corner 70/70 on layer 1, trace width: 3500, from corner: 7, okPoint: (1461387,-925758), target: (1590000,-910000)
2026-09-09 11:11:15.047 DEBUG  [2B79E8\6EA668] Autorouter Failed to route connection between pin of component #14 and pin #1 of component #17, because the new connection could not be inserted.
2026-09-09 11:11:15.098 DEBUG  ShapeSearchTree45Degree.completeShape: non-IntOctagon contained shape, using bounding octagon approximation
2026-09-09 11:11:15.098 DEBUG  ShapeSearchTree45Degree.completeShape: non-IntOctagon contained shape, using bounding octagon approximation
2026-09-09 11:11:15.098 DEBUG  ShapeSearchTree45Degree.completeShape: non-IntOctagon contained shape, using bounding octagon approximation
2026-09-09 11:11:15.098 DEBUG  ShapeSearchTree45Degree.completeShape: non-IntOctagon contained shape, using bounding octagon approximation
2026-09-09 11:11:15.143 DEBUG  ShapeSearchTree45Degree.completeShape: non-IntOctagon contained shape, using bounding octagon approximation
2026-09-09 11:11:15.472 DEBUG  FoundConnectionInserter: insert trace failed for net #56 at corner 36/55 on layer 1, trace width: 3500, from corner: 35, okPoint: (1385367,-781863), target: (1396949,-793445)
2026-09-09 11:11:15.477 DEBUG  [2B79E8\6EA668] Autorouter Failed to route connection between pin #1 of component #17 and pin of component #14, because the new connection could not be inserted.
2026-09-09 11:11:15.588 DEBUG  ShapeSearchTree45Degree.completeShape: non-IntOctagon contained shape, using bounding octagon approximation
2026-09-09 11:11:15.589 DEBUG  ShapeSearchTree45Degree.completeShape: non-IntOctagon contained shape, using bounding octagon approximation
2026-09-09 11:11:15.589 DEBUG  ShapeSearchTree45Degree.completeShape: non-IntOctagon contained shape, using bounding octagon approximation
2026-09-09 11:11:15.589 DEBUG  ShapeSearchTree45Degree.completeShape: non-IntOctagon contained shape, using bounding octagon approximation
2026-09-09 11:11:15.610 DEBUG  ShapeSearchTree45Degree.completeShape: non-IntOctagon contained shape, using bounding octagon approximation
2026-09-09 11:11:15.641 DEBUG  ShapeSearchTree45Degree.completeShape: non-IntOctagon contained shape, using bounding octagon approximation
2026-09-09 11:11:15.642 DEBUG  ShapeSearchTree45Degree.completeShape: non-IntOctagon contained shape, using bounding octagon approximation
2026-09-09 11:11:15.642 DEBUG  ShapeSearchTree45Degree.completeShape: non-IntOctagon contained shape, using bounding octagon approximation
2026-09-09 11:11:15.643 DEBUG  ShapeSearchTree45Degree.completeShape: non-IntOctagon contained shape, using bounding octagon approximation
2026-09-09 11:11:15.697 DEBUG  ShapeSearchTree45Degree.completeShape: non-IntOctagon contained shape, using bounding octagon approximation
2026-09-09 11:11:15.697 DEBUG  ShapeSearchTree45Degree.completeShape: non-IntOctagon contained shape, using bounding octagon approximation
2026-09-09 11:11:15.697 DEBUG  ShapeSearchTree45Degree.completeShape: non-IntOctagon contained shape, using bounding octagon approximation
2026-09-09 11:11:15.698 DEBUG  ShapeSearchTree45Degree.completeShape: non-IntOctagon contained shape, using bounding octagon approximation
2026-09-09 11:11:15.752 DEBUG  ShapeSearchTree45Degree.completeShape: non-IntOctagon contained shape, using bounding octagon approximation
2026-09-09 11:11:15.752 DEBUG  ShapeSearchTree45Degree.completeShape: non-IntOctagon contained shape, using bounding octagon approximation
2026-09-09 11:11:16.006 DEBUG  ShapeSearchTree45Degree.completeShape: non-IntOctagon contained shape, using bounding octagon approximation
2026-09-09 11:11:16.006 DEBUG  ShapeSearchTree45Degree.completeShape: non-IntOctagon contained shape, using bounding octagon approximation
2026-09-09 11:11:16.006 DEBUG  ShapeSearchTree45Degree.completeShape: non-IntOctagon contained shape, using bounding octagon approximation
2026-09-09 11:11:16.006 DEBUG  ShapeSearchTree45Degree.completeShape: non-IntOctagon contained shape, using bounding octagon approximation
2026-09-09 11:11:16.068 DEBUG  FoundConnectionInserter: insert trace failed for net #4 at corner 12/12 on layer 1, trace width: 3500, from corner: 4, okPoint: (1908731,-993900), target: (1840800,-985700)
2026-09-09 11:11:16.077 DEBUG  [2B79E8\6EA668] Autorouter Failed to route connection between pin #1 of component #2 and pin #1 of component #8, because the new connection could not be inserted.
2026-09-09 11:11:16.398 DEBUG  ShapeSearchTree45Degree.completeShape: non-IntOctagon contained shape, using bounding octagon approximation
2026-09-09 11:11:16.399 DEBUG  ShapeSearchTree45Degree.completeShape: non-IntOctagon contained shape, using bounding octagon approximation
2026-09-09 11:11:16.399 DEBUG  ShapeSearchTree45Degree.completeShape: non-IntOctagon contained shape, using bounding octagon approximation
2026-09-09 11:11:16.400 DEBUG  ShapeSearchTree45Degree.completeShape: non-IntOctagon contained shape, using bounding octagon approximation
2026-09-09 11:11:16.465 DEBUG  ShapeSearchTree45Degree.completeShape: non-IntOctagon contained shape, using bounding octagon approximation
2026-09-09 11:11:16.465 DEBUG  ShapeSearchTree45Degree.completeShape: non-IntOctagon contained shape, using bounding octagon approximation
2026-09-09 11:11:16.466 DEBUG  ShapeSearchTree45Degree.completeShape: non-IntOctagon contained shape, using bounding octagon approximation
2026-09-09 11:11:16.467 DEBUG  ShapeSearchTree45Degree.completeShape: non-IntOctagon contained shape, using bounding octagon approximation
2026-09-09 11:11:16.700 DEBUG  ShapeSearchTree45Degree.completeShape: non-IntOctagon contained shape, using bounding octagon approximation
2026-09-09 11:11:16.700 DEBUG  ShapeSearchTree45Degree.completeShape: non-IntOctagon contained shape, using bounding octagon approximation
2026-09-09 11:11:16.700 DEBUG  ShapeSearchTree45Degree.completeShape: non-IntOctagon contained shape, using bounding octagon approximation
2026-09-09 11:11:16.700 DEBUG  ShapeSearchTree45Degree.completeShape: non-IntOctagon contained shape, using bounding octagon approximation
2026-09-09 11:11:16.957 INFO   [2B79E8\6EA668] Auto-routing pass #1 on board 'bd3d267c52baf97c86bc52076ab67dcf' was completed in 3.74 seconds with score 894.73 (6 unrouted and 0 violations), using 2.41 CPU seconds and the job allocated 6.57 GB of memory so far.
2026-09-09 11:11:17.019 DEBUG  Queuing item for routing: PolylineTrace on net 'GND' (connected: 35/56)
2026-09-09 11:11:17.019 DEBUG  Queuing item for routing: PolylineTrace on net 'GND' (connected: 13/56)
2026-09-09 11:11:17.021 DEBUG  Queuing item for routing: Pin on net '+5V' (connected: 16/24)
2026-09-09 11:11:17.021 DEBUG  Queuing item for routing: Pin on net 'Analog_out' (connected: 4/5)
2026-09-09 11:11:17.021 DEBUG  Queuing item for routing: Pin on net 'Net-(A2-D3_INT1)' (connected: 3/4)
2026-09-09 11:11:17.022 DEBUG  Queuing item for routing: Pin on net 'Analog_out' (connected: 1/5)
2026-09-09 11:11:17.022 DEBUG  Queuing item for routing: Pin on net 'Net-(Q1-B)' (connected: 1/2)
2026-09-09 11:11:17.022 DEBUG  Queuing item for routing: Pin on net 'Net-(Q1-B)' (connected: 1/2)
2026-09-09 11:11:17.023 DEBUG  Queuing item for routing: Pin on net '+5V' (connected: 8/24)
2026-09-09 11:11:17.023 DEBUG  Queuing item for routing: Pin on net 'Net-(A2-D3_INT1)' (connected: 1/4)
2026-09-09 11:11:17.023 DEBUG  Queuing item for routing: Pin on net 'GND' (connected: 8/56)
2026-09-09 11:11:17.033 DEBUG  [2B79E8\6EA668] Pass #2: 6 incompletes across 11 items to route
2026-09-09 11:11:17.033 DEBUG  [2B79E8\6EA668]   Net 'GND' has 2 incomplete(s)
2026-09-09 11:11:17.044 DEBUG  [2B79E8\6EA668]   Net 'Net-(A2-D3_INT1)' has 1 incomplete(s)
2026-09-09 11:11:17.044 DEBUG  [2B79E8\6EA668]   Net '+5V' has 1 incomplete(s)
2026-09-09 11:11:17.044 DEBUG  [2B79E8\6EA668]   Net 'Net-(Q1-B)' has 1 incomplete(s)
2026-09-09 11:11:17.044 DEBUG  [2B79E8\6EA668]   Net 'Analog_out' has 1 incomplete(s)
2026-09-09 11:11:17.054 DEBUG  ShapeSearchTree45Degree.completeShape: non-IntOctagon contained shape, using bounding octagon approximation
2026-09-09 11:11:17.054 DEBUG  ShapeSearchTree45Degree.completeShape: non-IntOctagon contained shape, using bounding octagon approximation
2026-09-09 11:11:17.245 DEBUG  ShapeSearchTree45Degree.completeShape: non-IntOctagon contained shape, using bounding octagon approximation
2026-09-09 11:11:17.246 DEBUG  ShapeSearchTree45Degree.completeShape: non-IntOctagon contained shape, using bounding octagon approximation
2026-09-09 11:11:18.184 DEBUG  ShapeSearchTree45Degree.completeShape: non-IntOctagon contained shape, using bounding octagon approximation
2026-09-09 11:11:18.184 DEBUG  ShapeSearchTree45Degree.completeShape: non-IntOctagon contained shape, using bounding octagon approximation
2026-09-09 11:11:18.184 DEBUG  ShapeSearchTree45Degree.completeShape: non-IntOctagon contained shape, using bounding octagon approximation
2026-09-09 11:11:18.184 DEBUG  ShapeSearchTree45Degree.completeShape: non-IntOctagon contained shape, using bounding octagon approximation
2026-09-09 11:11:18.405 INFO   [2B79E8\6EA668] Auto-routing pass #2 on board '5fa325f85dcdc2dd142ba71c40e5d988' was completed in 1.39 seconds with score 947.36 (3 unrouted and 0 violations), using 3.80 CPU seconds and the job allocated 11.23 GB of memory so far.
2026-09-09 11:11:18.463 DEBUG  Queuing item for routing: PolylineTrace on net 'GND' (connected: 31/58)
2026-09-09 11:11:18.463 DEBUG  Queuing item for routing: PolylineTrace on net 'GND' (connected: 13/58)
2026-09-09 11:11:18.463 DEBUG  Queuing item for routing: Pin on net 'GND' (connected: 14/58)
2026-09-09 11:11:18.468 DEBUG  Queuing item for routing: Pin on net 'Dir' (connected: 1/2)
2026-09-09 11:11:18.468 DEBUG  Queuing item for routing: Pin on net 'Dir' (connected: 1/2)
2026-09-09 11:11:18.478 DEBUG  [2B79E8\6EA668] Pass #3: 3 incompletes across 5 items to route
2026-09-09 11:11:18.478 DEBUG  [2B79E8\6EA668]   Net 'GND' has 2 incomplete(s)
2026-09-09 11:11:18.478 DEBUG  [2B79E8\6EA668]   Net 'Dir' has 1 incomplete(s)
2026-09-09 11:11:18.509 DEBUG  ShapeSearchTree45Degree.completeShape: non-IntOctagon contained shape, using bounding octagon approximation
2026-09-09 11:11:18.509 DEBUG  ShapeSearchTree45Degree.completeShape: non-IntOctagon contained shape, using bounding octagon approximation
2026-09-09 11:11:19.331 INFO   [2B79E8\6EA668] Auto-routing pass #3 on board 'f88ac0972953f984b00caa00cfd46d90' was completed in 0.87 seconds with score 964.91 (2 unrouted and 0 violations), using 4.55 CPU seconds and the job allocated 13.58 GB of memory so far.
2026-09-09 11:11:19.382 DEBUG  Queuing item for routing: PolylineTrace on net 'GND' (connected: 53/62)
2026-09-09 11:11:19.382 DEBUG  Queuing item for routing: Pin on net 'Net-(A2-D3_INT1)' (connected: 3/4)
2026-09-09 11:11:19.382 DEBUG  Queuing item for routing: Pin on net 'Net-(A2-D3_INT1)' (connected: 1/4)
2026-09-09 11:11:19.382 DEBUG  Queuing item for routing: Pin on net 'GND' (connected: 9/62)
2026-09-09 11:11:19.403 DEBUG  [2B79E8\6EA668] Pass #4: 2 incompletes across 4 items to route
2026-09-09 11:11:19.403 DEBUG  [2B79E8\6EA668]   Net 'GND' has 1 incomplete(s)
2026-09-09 11:11:19.403 DEBUG  [2B79E8\6EA668]   Net 'Net-(A2-D3_INT1)' has 1 incomplete(s)
2026-09-09 11:11:20.016 DEBUG  ShapeSearchTree45Degree.completeShape: non-IntOctagon contained shape, using bounding octagon approximation
2026-09-09 11:11:20.016 DEBUG  ShapeSearchTree45Degree.completeShape: non-IntOctagon contained shape, using bounding octagon approximation
2026-09-09 11:11:20.016 DEBUG  ShapeSearchTree45Degree.completeShape: non-IntOctagon contained shape, using bounding octagon approximation
2026-09-09 11:11:20.016 DEBUG  ShapeSearchTree45Degree.completeShape: non-IntOctagon contained shape, using bounding octagon approximation
2026-09-09 11:11:20.608 INFO   [2B79E8\6EA668] Auto-routing pass #4 on board '93c4ea0d7d8e3d1cb6999e201b504bd4' was completed in 1.23 seconds with score 947.36 (3 unrouted and 0 violations), using 5.41 CPU seconds and the job allocated 16.13 GB of memory so far.
2026-09-09 11:11:20.723 DEBUG  Queuing item for routing: Pin on net 'Net-(U1A-+)' (connected: 4/5)
2026-09-09 11:11:20.723 DEBUG  Queuing item for routing: Pin on net 'Net-(U1A-+)' (connected: 1/5)
2026-09-09 11:11:20.723 DEBUG  Queuing item for routing: Pin on net 'Net-(A2-D3_INT1)' (connected: 3/4)
2026-09-09 11:11:20.723 DEBUG  Queuing item for routing: Pin on net 'Dir' (connected: 1/2)
2026-09-09 11:11:20.723 DEBUG  Queuing item for routing: Pin on net 'Net-(A2-D3_INT1)' (connected: 1/4)
2026-09-09 11:11:20.723 DEBUG  Queuing item for routing: Pin on net 'Dir' (connected: 1/2)
2026-09-09 11:11:20.743 DEBUG  [2B79E8\6EA668] Pass #5: 3 incompletes across 6 items to route
2026-09-09 11:11:20.743 DEBUG  [2B79E8\6EA668]   Net 'Net-(A2-D3_INT1)' has 1 incomplete(s)
2026-09-09 11:11:20.743 DEBUG  [2B79E8\6EA668]   Net 'Dir' has 1 incomplete(s)
2026-09-09 11:11:20.743 DEBUG  [2B79E8\6EA668]   Net 'Net-(U1A-+)' has 1 incomplete(s)
2026-09-09 11:11:21.415 INFO   [2B79E8\6EA668] Auto-routing pass #5 on board '8c2b94161825835de6d9f557bce17e41' was completed in 0.70 seconds with score 964.90 (2 unrouted and 0 violations), using 5.94 CPU seconds and the job allocated 17.97 GB of memory so far.
2026-09-09 11:11:21.456 DEBUG  Queuing item for routing: PolylineTrace on net 'GND' (connected: 47/60)
2026-09-09 11:11:21.467 DEBUG  Queuing item for routing: Pin on net 'GND' (connected: 4/60)
2026-09-09 11:11:21.467 DEBUG  Queuing item for routing: Pin on net 'GND' (connected: 9/60)
2026-09-09 11:11:21.490 DEBUG  [2B79E8\6EA668] Pass #6: 2 incompletes across 3 items to route
2026-09-09 11:11:21.491 DEBUG  [2B79E8\6EA668]   Net 'GND' has 2 incomplete(s)
2026-09-09 11:11:21.978 INFO   [2B79E8\6EA668] Auto-routing pass #6 on board '1b5021f4b1ca8f31fe321b6bba4192fd' was completed in 0.52 seconds with score 982.45 (1 unrouted and 0 violations), using 5.94 CPU seconds and the job allocated 17.97 GB of memory so far.
2026-09-09 11:11:22.061 DEBUG  Queuing item for routing: Pin on net 'Net-(A2-D3_INT1)' (connected: 3/4)
2026-09-09 11:11:22.061 DEBUG  Queuing item for routing: Pin on net 'Net-(A2-D3_INT1)' (connected: 1/4)
2026-09-09 11:11:22.071 DEBUG  [2B79E8\6EA668] Pass #7: 1 incompletes across 2 items to route
2026-09-09 11:11:22.071 DEBUG  [2B79E8\6EA668]   Net 'Net-(A2-D3_INT1)' has 1 incomplete(s)
2026-09-09 11:11:22.426 INFO   [2B79E8\6EA668] Auto-routing pass #7 on board 'b2f291ef32cdac9170e32f77d0a6b7a2' was completed in 0.37 seconds with score 964.91 (2 unrouted and 0 violations), using 6.70 CPU seconds and the job allocated 20.97 GB of memory so far.
2026-09-09 11:11:22.471 DEBUG  Queuing item for routing: PolylineTrace on net 'GND' (connected: 47/61)
2026-09-09 11:11:22.474 DEBUG  Queuing item for routing: Pin on net 'GND' (connected: 14/61)
2026-09-09 11:11:22.475 DEBUG  Queuing item for routing: Pin on net 'Dir' (connected: 1/2)
2026-09-09 11:11:22.475 DEBUG  Queuing item for routing: Pin on net 'Dir' (connected: 1/2)
2026-09-09 11:11:22.495 DEBUG  [2B79E8\6EA668] Pass #8: 2 incompletes across 4 items to route
2026-09-09 11:11:22.495 DEBUG  [2B79E8\6EA668]   Net 'GND' has 1 incomplete(s)
2026-09-09 11:11:22.495 DEBUG  [2B79E8\6EA668]   Net 'Dir' has 1 incomplete(s)
2026-09-09 11:11:23.192 DEBUG  [2B79E8\6EA668] Restoring an earlier board that has the score of 982.45 (1 unrouted and 0 violations).
2026-09-09 11:11:23.193 INFO   [2B79E8\6EA668] Auto-routing pass #8 on board 'b2f291ef32cdac9170e32f77d0a6b7a2' was completed in 0.00 seconds with score 982.45 (1 unrouted and 0 violations), using 6.70 CPU seconds and the job allocated 20.97 GB of memory so far.
2026-09-09 11:11:23.237 DEBUG  Queuing item for routing: Pin on net 'Net-(A2-D3_INT1)' (connected: 3/4)
2026-09-09 11:11:23.239 DEBUG  Queuing item for routing: Pin on net 'Net-(A2-D3_INT1)' (connected: 1/4)
2026-09-09 11:11:23.255 DEBUG  [2B79E8\6EA668] Pass #9: 1 incompletes across 2 items to route
2026-09-09 11:11:23.256 DEBUG  [2B79E8\6EA668]   Net 'Net-(A2-D3_INT1)' has 1 incomplete(s)
2026-09-09 11:11:23.628 INFO   [2B79E8\6EA668] Auto-routing pass #9 on board 'b2f291ef32cdac9170e32f77d0a6b7a2' was completed in 0.38 seconds with score 964.91 (2 unrouted and 0 violations), using 7.44 CPU seconds and the job allocated 23.60 GB of memory so far.
2026-09-09 11:11:23.678 DEBUG  Queuing item for routing: PolylineTrace on net 'GND' (connected: 47/61)
2026-09-09 11:11:23.679 DEBUG  Queuing item for routing: Pin on net 'GND' (connected: 14/61)
2026-09-09 11:11:23.680 DEBUG  Queuing item for routing: Pin on net 'Dir' (connected: 1/2)
2026-09-09 11:11:23.680 DEBUG  Queuing item for routing: Pin on net 'Dir' (connected: 1/2)
2026-09-09 11:11:23.710 DEBUG  [2B79E8\6EA668] Pass #10: 2 incompletes across 4 items to route
2026-09-09 11:11:23.710 DEBUG  [2B79E8\6EA668]   Net 'GND' has 1 incomplete(s)
2026-09-09 11:11:23.710 DEBUG  [2B79E8\6EA668]   Net 'Dir' has 1 incomplete(s)
2026-09-09 11:11:24.359 INFO   [2B79E8\6EA668] Auto-routing pass #10 on board '60536e3c876f211f5c3ebc193b3f826c' was completed in 0.68 seconds with score 947.36 (3 unrouted and 0 violations), using 8.17 CPU seconds and the job allocated 26.52 GB of memory so far.
2026-09-09 11:11:24.382 DEBUG  [2B79E8\6EA668] Applied one-time fanout recovery cleanup (removed fanout tails/vias). Incompletes: 3 -> 3.
2026-09-09 11:11:24.426 DEBUG  Queuing item for routing: PolylineTrace on net 'GND' (connected: 59/60)
2026-09-09 11:11:24.427 DEBUG  Queuing item for routing: Pin on net 'Analog_out' (connected: 6/7)
2026-09-09 11:11:24.427 DEBUG  Queuing item for routing: Pin on net 'Net-(A2-D3_INT1)' (connected: 3/4)
2026-09-09 11:11:24.427 DEBUG  Queuing item for routing: Pin on net 'Analog_out' (connected: 1/7)
2026-09-09 11:11:24.428 DEBUG  Queuing item for routing: Pin on net 'Net-(A2-D3_INT1)' (connected: 1/4)
2026-09-09 11:11:24.428 DEBUG  Queuing item for routing: Pin on net 'GND' (connected: 1/60)
2026-09-09 11:11:24.448 DEBUG  [2B79E8\6EA668] Pass #11: 3 incompletes across 6 items to route
2026-09-09 11:11:24.448 DEBUG  [2B79E8\6EA668]   Net 'GND' has 1 incomplete(s)
2026-09-09 11:11:24.448 DEBUG  [2B79E8\6EA668]   Net 'Net-(A2-D3_INT1)' has 1 incomplete(s)
2026-09-09 11:11:24.448 DEBUG  [2B79E8\6EA668]   Net 'Analog_out' has 1 incomplete(s)
2026-09-09 11:11:24.478 DEBUG  FoundConnectionInserter: insert trace failed for net #2 at corner 9/9 on layer 1, trace width: 3500, from corner: 6, okPoint: (1864150,-890200), target: (1885000,-898400)
2026-09-09 11:11:24.486 DEBUG  [2B79E8\6EA668] Autorouter Failed to route connection between pin #2 of component #6 and polylinetrace, polylinetrace, polylinetrace, polylinetrace, polylinetrace, polylinetrace, polylinetrace, polylinetrace, polylinetrace, polylinetrace, polylinetrace, polylinetrace, polylinetrace, polylinetrace, polylinetrace, polylinetrace, polylinetrace, polylinetrace, polylinetrace, polylinetrace, polylinetrace, polylinetrace, polylinetrace, polylinetrace, polylinetrace, polylinetrace, polylinetrace, polylinetrace, polylinetrace, polylinetrace, polylinetrace, polylinetrace, polylinetrace, polylinetrace, polylinetrace, polylinetrace, polylinetrace, polylinetrace, polylinetrace, polylinetrace, polylinetrace, polylinetrace, pin #3 of component #24, pin #2 of component #23, pin #6 of component #20, pin #5 of component #20, pin #1 of component #19, pin #1 of component #18, pin #2 of component #17, pin #1 of component #16, pin #1 of component #15, pin #1 of component #12, pin #1 of component #11, pin #2 of component #10, pin #44 of component #9, pin #42 of component #9, pin #2 of component #8, pin #2 of component #7, pin #1 of component #1, because the new connection could not be inserted.
2026-09-09 11:11:25.043 DEBUG  ShapeSearchTree45Degree.completeShape: non-IntOctagon contained shape, using bounding octagon approximation
2026-09-09 11:11:25.043 DEBUG  ShapeSearchTree45Degree.completeShape: non-IntOctagon contained shape, using bounding octagon approximation
2026-09-09 11:11:25.043 DEBUG  ShapeSearchTree45Degree.completeShape: non-IntOctagon contained shape, using bounding octagon approximation
2026-09-09 11:11:25.043 DEBUG  ShapeSearchTree45Degree.completeShape: non-IntOctagon contained shape, using bounding octagon approximation
2026-09-09 11:11:25.157 INFO   [2B79E8\6EA668] Auto-routing pass #11 on board '2002311371b3721ed15c7ee1a75e1657' was completed in 0.73 seconds with score 964.90 (2 unrouted and 0 violations), using 8.17 CPU seconds and the job allocated 26.52 GB of memory so far.
2026-09-09 11:11:25.198 DEBUG  Queuing item for routing: Pin on net '+5V' (connected: 19/23)
2026-09-09 11:11:25.198 DEBUG  Queuing item for routing: Pin on net '+5V' (connected: 4/23)
2026-09-09 11:11:25.200 DEBUG  Queuing item for routing: Pin on net 'Dir' (connected: 1/2)
2026-09-09 11:11:25.200 DEBUG  Queuing item for routing: Pin on net 'Dir' (connected: 1/2)
2026-09-09 11:11:25.214 DEBUG  [2B79E8\6EA668] Pass #12: 2 incompletes across 4 items to route
2026-09-09 11:11:25.214 DEBUG  [2B79E8\6EA668]   Net 'Dir' has 1 incomplete(s)
2026-09-09 11:11:25.214 DEBUG  [2B79E8\6EA668]   Net '+5V' has 1 incomplete(s)
2026-09-09 11:11:25.760 DEBUG  [2B79E8\6EA668] Restoring an earlier board that has the score of 982.45 (1 unrouted and 0 violations).
2026-09-09 11:11:25.760 INFO   [2B79E8\6EA668] Auto-routing pass #12 on board 'b2f291ef32cdac9170e32f77d0a6b7a2' was completed in 0.00 seconds with score 982.45 (1 unrouted and 0 violations), using 8.84 CPU seconds and the job allocated 29.36 GB of memory so far.
2026-09-09 11:11:25.781 DEBUG  Queuing item for routing: Pin on net 'Net-(A2-D3_INT1)' (connected: 3/4)
2026-09-09 11:11:25.781 DEBUG  Queuing item for routing: Pin on net 'Net-(A2-D3_INT1)' (connected: 1/4)
2026-09-09 11:11:25.806 DEBUG  [2B79E8\6EA668] Pass #13: 1 incompletes across 2 items to route
2026-09-09 11:11:25.806 DEBUG  [2B79E8\6EA668]   Net 'Net-(A2-D3_INT1)' has 1 incomplete(s)
2026-09-09 11:11:26.073 INFO   [2B79E8\6EA668] Auto-routing pass #13 on board 'b2f291ef32cdac9170e32f77d0a6b7a2' was completed in 0.29 seconds with score 964.91 (2 unrouted and 0 violations), using 8.84 CPU seconds and the job allocated 29.36 GB of memory so far.
2026-09-09 11:11:26.104 DEBUG  Queuing item for routing: PolylineTrace on net 'GND' (connected: 47/61)
2026-09-09 11:11:26.104 DEBUG  Queuing item for routing: Pin on net 'GND' (connected: 14/61)
2026-09-09 11:11:26.104 DEBUG  Queuing item for routing: Pin on net 'Dir' (connected: 1/2)
2026-09-09 11:11:26.104 DEBUG  Queuing item for routing: Pin on net 'Dir' (connected: 1/2)
2026-09-09 11:11:26.114 DEBUG  [2B79E8\6EA668] Pass #14: 2 incompletes across 4 items to route
2026-09-09 11:11:26.114 DEBUG  [2B79E8\6EA668]   Net 'GND' has 1 incomplete(s)
2026-09-09 11:11:26.114 DEBUG  [2B79E8\6EA668]   Net 'Dir' has 1 incomplete(s)
2026-09-09 11:11:26.659 INFO   [2B79E8\6EA668] Auto-routing pass #14 on board '60536e3c876f211f5c3ebc193b3f826c' was completed in 0.55 seconds with score 947.36 (3 unrouted and 0 violations), using 9.66 CPU seconds and the job allocated 32.47 GB of memory so far.
2026-09-09 11:11:26.699 DEBUG  Queuing item for routing: PolylineTrace on net 'GND' (connected: 60/61)
2026-09-09 11:11:26.699 DEBUG  Queuing item for routing: Pin on net 'Analog_out' (connected: 6/7)
2026-09-09 11:11:26.699 DEBUG  Queuing item for routing: Pin on net 'Net-(A2-D3_INT1)' (connected: 3/4)
2026-09-09 11:11:26.699 DEBUG  Queuing item for routing: Pin on net 'Analog_out' (connected: 1/7)
2026-09-09 11:11:26.699 DEBUG  Queuing item for routing: Pin on net 'Net-(A2-D3_INT1)' (connected: 1/4)
2026-09-09 11:11:26.699 DEBUG  Queuing item for routing: Pin on net 'GND' (connected: 1/61)
2026-09-09 11:11:26.720 DEBUG  [2B79E8\6EA668] Pass #15: 3 incompletes across 6 items to route
2026-09-09 11:11:26.720 DEBUG  [2B79E8\6EA668]   Net 'GND' has 1 incomplete(s)
2026-09-09 11:11:26.720 DEBUG  [2B79E8\6EA668]   Net 'Net-(A2-D3_INT1)' has 1 incomplete(s)
2026-09-09 11:11:26.720 DEBUG  [2B79E8\6EA668]   Net 'Analog_out' has 1 incomplete(s)
2026-09-09 11:11:27.024 INFO   [2B79E8\6EA668] Auto-routing pass #15 on board '4125b8b77afcbf1f623cdce9bf9d74bb' was completed in 0.33 seconds with score 964.91 (2 unrouted and 0 violations), using 9.66 CPU seconds and the job allocated 32.47 GB of memory so far.
2026-09-09 11:11:27.064 DEBUG  Queuing item for routing: Pin on net '+5V' (connected: 19/23)
2026-09-09 11:11:27.064 DEBUG  Queuing item for routing: Pin on net '+5V' (connected: 4/23)
2026-09-09 11:11:27.064 DEBUG  Queuing item for routing: Pin on net 'Dir' (connected: 1/2)
2026-09-09 11:11:27.064 DEBUG  Queuing item for routing: Pin on net 'Dir' (connected: 1/2)
2026-09-09 11:11:27.083 DEBUG  [2B79E8\6EA668] Pass #16: 2 incompletes across 4 items to route
2026-09-09 11:11:27.083 DEBUG  [2B79E8\6EA668]   Net 'Dir' has 1 incomplete(s)
2026-09-09 11:11:27.083 DEBUG  [2B79E8\6EA668]   Net '+5V' has 1 incomplete(s)
2026-09-09 11:11:27.505 DEBUG  [2B79E8\6EA668] Restoring an earlier board that has the score of 982.45 (1 unrouted and 0 violations).
2026-09-09 11:11:27.515 INFO   [2B79E8\6EA668] Auto-routing pass #16 on board 'b2f291ef32cdac9170e32f77d0a6b7a2' was completed in 0.00 seconds with score 982.45 (1 unrouted and 0 violations), using 10.55 CPU seconds and the job allocated 36.49 GB of memory so far.
2026-09-09 11:11:27.537 DEBUG  Queuing item for routing: Pin on net 'Net-(A2-D3_INT1)' (connected: 3/4)
2026-09-09 11:11:27.538 DEBUG  Queuing item for routing: Pin on net 'Net-(A2-D3_INT1)' (connected: 1/4)
2026-09-09 11:11:27.551 DEBUG  [2B79E8\6EA668] Pass #17: 1 incompletes across 2 items to route
2026-09-09 11:11:27.551 DEBUG  [2B79E8\6EA668]   Net 'Net-(A2-D3_INT1)' has 1 incomplete(s)
2026-09-09 11:11:27.766 INFO   [2B79E8\6EA668] Auto-routing pass #17 on board 'b2f291ef32cdac9170e32f77d0a6b7a2' was completed in 0.23 seconds with score 964.91 (2 unrouted and 0 violations), using 10.55 CPU seconds and the job allocated 36.49 GB of memory so far.
2026-09-09 11:11:27.787 DEBUG  Queuing item for routing: PolylineTrace on net 'GND' (connected: 47/61)
2026-09-09 11:11:27.787 DEBUG  Queuing item for routing: Pin on net 'GND' (connected: 14/61)
2026-09-09 11:11:27.787 DEBUG  Queuing item for routing: Pin on net 'Dir' (connected: 1/2)
2026-09-09 11:11:27.787 DEBUG  Queuing item for routing: Pin on net 'Dir' (connected: 1/2)
2026-09-09 11:11:27.797 DEBUG  [2B79E8\6EA668] Pass #18: 2 incompletes across 4 items to route
2026-09-09 11:11:27.797 DEBUG  [2B79E8\6EA668]   Net 'GND' has 1 incomplete(s)
2026-09-09 11:11:27.797 DEBUG  [2B79E8\6EA668]   Net 'Dir' has 1 incomplete(s)
2026-09-09 11:11:28.201 INFO   [2B79E8\6EA668] Auto-routing pass #18 on board '60536e3c876f211f5c3ebc193b3f826c' was completed in 0.41 seconds with score 947.36 (3 unrouted and 0 violations), using 10.55 CPU seconds and the job allocated 36.49 GB of memory so far.
2026-09-09 11:11:28.221 INFO   [2B79E8\6EA668] The router's best score (982.45) has not improved by more than 0.5 points since pass #8. Stopping the auto-router after 18 passes (1 item still unconnected).
The following connections could not be routed -- please review your design (e.g. check pad clearances, trace width rules, and available routing space):
  Net 'GND' (1 unrouted connection):
    - Q5-3  ->  J2-2
  Net 'Net-(A2-D3_INT1)' (1 unrouted connection):
    - A2-D3  ->  R3-2
  Net 'Analog_out' (1 unrouted connection):
    - J1-4  ->  U1-2
2026-09-09 11:11:28.262 DEBUG  [2B79E8\6EA668] The final board state (score 947.36 (3 unrouted and 0 violations)) is worse than the best board seen during routing (score 982.45 (1 unrouted and 0 violations)). Restoring the best board as the final result.
2026-09-09 11:11:28.262 DEBUG  === Performance Profile ===
2026-09-09 11:11:28.262 DEBUG  === Routing Parameters ===
2026-09-09 11:11:28.262 DEBUG    Via Costs: 50, Plane Via Costs: 5
2026-09-09 11:11:28.262 DEBUG    Layer Costs (Preferred / Against):
2026-09-09 11:11:28.262 DEBUG      Layer 1: 1.0 / 2.9
2026-09-09 11:11:28.262 DEBUG      Layer 2: 1.0 / 1.5
2026-09-09 11:11:28.262 DEBUG  
2026-09-09 11:11:28.262 DEBUG    autoroute_item                          :     9639 ms total,      148 calls,     65 ms avg
2026-09-09 11:11:28.273 DEBUG  
2026-09-09 11:11:28.273 DEBUG  === Pass History ===
2026-09-09 11:11:28.273 DEBUG    Pass 1  :    6 unrouted items,     3.72 s,   100 ripup cost
2026-09-09 11:11:28.273 DEBUG    Pass 2  :    3 unrouted items,     1.38 s,   200 ripup cost
2026-09-09 11:11:28.273 DEBUG    Pass 3  :    2 unrouted items,     0.85 s,   300 ripup cost
2026-09-09 11:11:28.273 DEBUG    Pass 4  :    3 unrouted items,     0.99 s,   400 ripup cost
2026-09-09 11:11:28.273 DEBUG    Pass 5  :    2 unrouted items,     0.69 s,   500 ripup cost
2026-09-09 11:11:28.273 DEBUG    Pass 6  :    1 unrouted items,     0.51 s,   600 ripup cost
2026-09-09 11:11:28.273 DEBUG    Pass 7  :    2 unrouted items,     0.36 s,   700 ripup cost
2026-09-09 11:11:28.273 DEBUG    Pass 8  :    2 unrouted items,     0.56 s,   800 ripup cost
2026-09-09 11:11:28.273 DEBUG    Pass 9  :    2 unrouted items,     0.37 s,   900 ripup cost
2026-09-09 11:11:28.273 DEBUG    Pass 10 :    3 unrouted items,     0.65 s,  1000 ripup cost
2026-09-09 11:11:28.273 DEBUG    Pass 11 :    2 unrouted items,     0.72 s,  1100 ripup cost
2026-09-09 11:11:28.273 DEBUG    Pass 12 :    2 unrouted items,     0.39 s,  1200 ripup cost
2026-09-09 11:11:28.273 DEBUG    Pass 13 :    2 unrouted items,     0.28 s,  1300 ripup cost
2026-09-09 11:11:28.273 DEBUG    Pass 14 :    3 unrouted items,     0.53 s,  1400 ripup cost
2026-09-09 11:11:28.273 DEBUG    Pass 15 :    2 unrouted items,     0.32 s,  1500 ripup cost
2026-09-09 11:11:28.273 DEBUG    Pass 16 :    3 unrouted items,     0.40 s,  1600 ripup cost
2026-09-09 11:11:28.273 DEBUG    Pass 17 :    2 unrouted items,     0.22 s,  1700 ripup cost
2026-09-09 11:11:28.273 DEBUG    Pass 18 :    3 unrouted items,     0.40 s,  1800 ripup cost
2026-09-09 11:11:28.273 DEBUG  ===========================
2026-09-09 11:11:28.283 INFO   [2B79E8\6EA668] Auto-routing stage completed: started with 52 unrouted nets, completed in 15.16 seconds, final score: 982.45 (1 unrouted and 0 violations), using 10.55 total CPU seconds, 36.49 GB total allocated, and 522.4 MB peak heap usage.
2026-09-09 11:11:28.294 DEBUG  [2B79E8\6EA668] Before optimization: Via count: 0, trace length: 10831730
2026-09-09 11:11:28.304 INFO   [2B79E8\6EA668] Optimization stage started on board '55e89946131d7ba3435d4a3305d261fe' with score 964.91 (2 unrouted and 0 violations).
2026-09-09 11:11:29.886 INFO   [2B79E8\6EA668] Stopping optimization pass #1 early after 50 consecutive items could not be improved.
2026-09-09 11:11:29.901 INFO   [2B79E8\6EA668] Optimizer pass #1 on board 'a3c69d74b754e213a1de2adb7f378310' was completed in 1.54 seconds with the score of 964.91 (2 unrouted and 0 violations).
2026-09-09 11:11:29.912 INFO   [2B79E8\6EA668] Stopping optimizer because the improvement in this pass (0.0000%) is below the threshold (1.00%).
2026-09-09 11:11:29.922 INFO   [2B79E8\6EA668] Optimization stage completed: started with score 964.91 (2 unrouted and 0 violations), completed in 1.61 seconds, final score: 964.91 (2 unrouted and 0 violations), using 1.55 total CPU seconds, 10.01 GB total allocated, and 488.1 MB peak heap usage.
2026-09-09 11:11:29.932 INFO   [2B79E8\6EA668] Job '2B79E8\6EA668' finished with state: COMPLETED (elapsed: 16.88 seconds, finished at UTC: 2026-09-09T14:11:29.932503100Z).
2026-09-09 11:11:29.974 INFO   Saving output file 'C:\Users\juanc\OneDrive\Desktop\Work\Proyectos\placa lancha\redisenio\bottom.ses' (SES)...
2026-09-09 11:11:29.978 INFO   Successfully saved output file 'C:\Users\juanc\OneDrive\Desktop\Work\Proyectos\placa lancha\redisenio\bottom.ses' (24321 bytes).
